geneID,transcript_id,class,condition,protein_length,idr_percent,bioemu_tier,bioemu_n_conf,aiupred_status
AT1G01230,AT1G01230.1,0,depleted,157,12.74,2,50,computed
AT1G01300,AT1G01300.1,1,NS,485,18.97,2,50,computed
AT1G01450,AT1G01450.1,0,depleted,470,14.04,2,50,computed
AT1G01470,AT1G01470.1,0,depleted,151,0.0,1,0,computed
AT1G01510,AT1G01510.1,1,HS,636,29.87,2,50,computed
AT1G01730,AT1G01730.1,0,depleted,224,75.45,3,100,computed
AT1G01910,AT1G01910.2,1,HS,353,1.98,1,0,computed
AT1G02100,AT1G02100.1,1,HS,332,11.45,2,50,computed
AT1G02130,AT1G02130.1,0,depleted,203,18.23,2,50,computed
AT1G02500,AT1G02500.1,1,HS,393,0.0,1,0,computed
AT1G02816,AT1G02816.1,0,depleted,166,4.22,1,0,computed
AT1G02930,AT1G02930.1,1,NS,208,0.0,1,0,computed
AT1G03130,AT1G03130.1,1,HS,204,30.88,3,100,computed
AT1G03330,AT1G03330.1,1,NS,93,0.0,1,0,computed
AT1G03400,AT1G03400.2,1,NS,379,8.97,1,0,computed
AT1G03760,AT1G03760.1,1,NS,391,72.12,3,100,computed
AT1G04010,AT1G04010.1,0,depleted,633,1.9,1,0,computed
AT1G04070,AT1G04070.1,0,depleted,94,6.38,1,0,computed
AT1G04340,AT1G04340.1,0,depleted,159,14.47,2,50,computed
AT1G04350,AT1G04350.1,1,HS,360,1.39,1,0,computed
AT1G04530,AT1G04530.1,1,HS,310,25.81,2,50,computed
AT1G04870,AT1G04870.2,1,HS,383,8.88,1,0,computed
AT1G05210,AT1G05210.1,0,depleted,168,16.07,2,50,computed
AT1G05350,AT1G05350.1,1,NS,431,25.52,2,50,computed
AT1G05410,AT1G05410.1,0,depleted,471,22.29,2,50,computed
AT1G05680,AT1G05680.1,0,depleted,453,1.32,1,0,computed
AT1G05790,AT1G05790.3,0,depleted,722,14.13,2,50,computed
AT1G05805,AT1G05805.1,1,HS,362,85.08,3,100,computed
AT1G06030,AT1G06030.1,0,depleted,329,0.0,1,0,computed
AT1G06160,AT1G06160.1,0,depleted,244,45.08,3,100,computed
AT1G06210,AT1G06210.1,1,NS,383,59.53,3,100,computed
AT1G06420,AT1G06420.1,0,depleted,221,99.1,3,100,computed
AT1G06760,AT1G06760.1,1,HS,274,77.74,3,100,computed
AT1G07040,AT1G07040.1,0,depleted,371,2.96,1,0,computed
AT1G07190,AT1G07190.1,0,depleted,54,0.0,1,0,computed
AT1G07250,AT1G07250.1,1,HS,479,0.0,1,0,computed
AT1G07590,AT1G07590.1,0,depleted,534,2.43,1,0,computed
AT1G07610,AT1G07610.1,0,depleted,45,0.0,1,0,computed
AT1G07620,AT1G07620.2,0,depleted,578,37.54,3,100,computed
AT1G07660,AT1G07660.1,1,NS,103,25.24,2,50,computed
AT1G07720,AT1G07720.2,0,depleted,521,1.73,1,0,computed
AT1G07960,AT1G07960.4,0,depleted,146,3.42,1,0,computed
AT1G08180,AT1G08180.1,0,depleted,111,100.0,3,100,computed
AT1G08250,AT1G08250.1,1,HS,413,31.72,3,100,computed
AT1G08370,AT1G08370.1,1,both,367,64.58,3,100,computed
AT1G08380,AT1G08380.1,1,HS,140,7.14,1,0,computed
AT1G08570,AT1G08570.1,1,NS,275,19.64,2,50,computed
AT1G09160,AT1G09160.1,1,NS,428,3.27,1,0,computed
AT1G09310,AT1G09310.1,1,HS,179,35.2,3,100,computed
AT1G09490,AT1G09490.1,0,depleted,322,0.0,1,0,computed
AT1G09590,AT1G09590.1,1,HS,164,39.63,3,100,computed
AT1G09795,AT1G09795.1,1,HS,413,5.08,1,0,computed
AT1G09950,AT1G09950.1,0,depleted,230,1.74,1,0,computed
AT1G10390,AT1G10390.1,0,depleted,1041,83.96,3,100,computed
AT1G10470,AT1G10470.1,0,depleted,259,40.15,3,100,computed
AT1G10500,AT1G10500.1,0,depleted,180,0.0,1,0,computed
AT1G10990,AT1G10990.2,0,depleted,192,87.5,3,100,computed
AT1G11240,AT1G11240.1,1,NS,200,100.0,3,100,computed
AT1G11320,AT1G11320.1,0,depleted,424,11.56,2,50,computed
AT1G11530,AT1G11530.1,1,HS,118,2.54,1,0,computed
AT1G11580,AT1G11580.2,1,HS,578,6.23,1,0,computed
AT1G11670,AT1G11670.1,0,depleted,503,9.74,1,0,computed
AT1G11800,AT1G11800.1,1,HS,441,0.0,1,0,computed
AT1G11870,AT1G11870.2,0,depleted,514,18.48,2,50,computed
AT1G12050,AT1G12050.1,1,HS,421,3.8,1,0,computed
AT1G12200,AT1G12200.2,1,both,382,7.85,1,0,computed
AT1G12350,AT1G12350.2,1,NS,317,0.0,1,0,computed
AT1G12400,AT1G12400.3,0,depleted,77,2.6,1,0,computed
AT1G12800,AT1G12800.1,1,HS,767,38.98,3,100,computed
AT1G12900,AT1G12900.5,1,HS,441,0.45,1,0,computed
AT1G12920,AT1G12920.1,1,HS,434,3.23,1,0,computed
AT1G13090,AT1G13090.1,1,HS,298,10.07,2,50,computed
AT1G13180,AT1G13180.1,1,HS,427,0.47,1,0,computed
AT1G13280,AT1G13280.1,1,HS,254,14.57,2,50,computed
AT1G13590,AT1G13590.1,0,depleted,87,81.61,3,100,computed
AT1G13690,AT1G13690.1,1,HS,177,38.98,3,100,computed
AT1G13930,AT1G13930.2,1,HS,155,100.0,3,100,computed
AT1G13950,AT1G13950.1,0,depleted,158,14.56,2,50,computed
AT1G14150,AT1G14150.1,1,HS,190,1.58,1,0,computed
AT1G14310,AT1G14310.1,0,depleted,254,0.0,1,0,computed
AT1G14380,AT1G14380.1,1,HS,664,79.67,3,100,computed
AT1G14410,AT1G14410.1,1,both,263,16.35,2,50,computed
AT1G14820,AT1G14820.3,0,depleted,252,2.78,1,0,computed
AT1G15010,AT1G15010.1,0,depleted,142,3.52,1,0,computed
AT1G15170,AT1G15170.1,0,depleted,481,7.07,1,0,computed
AT1G15290,AT1G15290.1,1,HS,1608,33.83,3,100,computed
AT1G15710,AT1G15710.1,1,HS,358,13.13,2,50,computed
AT1G15825,AT1G15825.1,0,depleted,126,100.0,3,100,computed
AT1G15840,AT1G15840.1,0,depleted,126,100.0,3,100,computed
AT1G15880,AT1G15880.1,0,depleted,223,11.66,2,50,computed
AT1G15950,AT1G15950.1,1,HS,344,22.09,2,50,computed
AT1G16080,AT1G16080.1,1,HS,313,0.32,1,0,computed
AT1G16220,AT1G16220.1,0,depleted,491,22.4,2,50,computed
AT1G16700,AT1G16700.1,1,HS,222,0.0,1,0,computed
AT1G16820,AT1G16820.1,0,depleted,93,0.0,1,0,computed
AT1G16916,AT1G16916.2,0,depleted,102,100.0,3,100,computed
AT1G17020,AT1G17020.1,0,depleted,358,0.0,1,0,computed
AT1G17210,AT1G17210.1,1,HS,958,66.18,3,100,computed
AT1G17410,AT1G17410.1,0,depleted,181,2.21,1,0,computed
AT1G17640,AT1G17640.1,0,depleted,369,46.88,3,100,computed
AT1G18030,AT1G18030.1,0,depleted,351,21.65,2,50,computed
AT1G18170,AT1G18170.1,1,HS,247,38.06,3,100,computed
AT1G18190,AT1G18190.1,1,NS,668,73.5,3,100,computed
AT1G18200,AT1G18200.1,0,depleted,229,3.06,1,0,computed
AT1G18300,AT1G18300.1,0,depleted,207,0.48,1,0,computed
AT1G18670,AT1G18670.2,1,HS,662,40.48,3,100,computed
AT1G19210,AT1G19210.1,0,depleted,185,44.32,3,100,computed
AT1G19220,AT1G19220.1,1,HS,1086,57.55,3,100,computed
AT1G19240,AT1G19240.1,0,depleted,104,27.88,2,50,computed
AT1G19320,AT1G19320.1,0,depleted,247,0.0,1,0,computed
AT1G19370,AT1G19370.1,1,HS,605,26.28,2,50,computed
AT1G19570,AT1G19570.1,1,both,213,0.0,1,0,computed
AT1G19720,AT1G19720.1,1,HS,894,4.03,1,0,computed
AT1G19835,AT1G19835.3,1,both,982,67.92,3,100,computed
AT1G19920,AT1G19920.1,1,HS,476,0.42,1,0,computed
AT1G20070,AT1G20070.1,1,HS,193,73.58,3,100,computed
AT1G20200,AT1G20200.1,1,HS,488,20.7,2,50,computed
AT1G20225,AT1G20225.1,0,depleted,233,0.86,1,0,computed
AT1G20810,AT1G20810.1,1,HS,232,46.55,3,100,computed
AT1G20830,AT1G20830.1,0,depleted,349,34.38,3,100,computed
AT1G21130,AT1G21130.1,1,HS,373,0.8,1,0,computed
AT1G21350,AT1G21350.5,1,HS,265,14.34,2,50,computed
AT1G21370,AT1G21370.1,1,NS,342,11.7,2,50,computed
AT1G21440,AT1G21440.1,1,both,336,0.89,1,0,computed
AT1G22140,AT1G22140.3,0,depleted,72,70.83,3,100,computed
AT1G22280,AT1G22280.3,1,HS,287,23.34,2,50,computed
AT1G22470,AT1G22470.1,0,depleted,146,7.53,1,0,computed
AT1G22920,AT1G22920.1,1,both,357,25.21,2,50,computed
AT1G22940,AT1G22940.1,1,NS,522,2.68,1,0,computed
AT1G23130,AT1G23130.1,0,depleted,160,7.5,1,0,computed
AT1G23740,AT1G23740.1,1,HS,386,0.0,1,0,computed
AT1G23800,AT1G23800.2,1,HS,408,0.0,1,0,computed
AT1G24100,AT1G24100.1,1,both,460,0.0,1,0,computed
AT1G24490,AT1G24490.1,1,HS,499,32.06,3,100,computed
AT1G25220,AT1G25220.2,1,NS,289,0.69,1,0,computed
AT1G26470,AT1G26470.1,0,depleted,133,37.59,3,100,computed
AT1G26550,AT1G26550.1,1,HS,142,37.32,3,100,computed
AT1G26640,AT1G26640.1,0,depleted,332,0.0,1,0,computed
AT1G26670,AT1G26670.1,1,HS,222,34.68,3,100,computed
AT1G26770,AT1G26770.2,1,HS,259,0.0,1,0,computed
AT1G27060,AT1G27060.1,0,depleted,386,10.1,2,50,computed
AT1G27130,AT1G27130.1,1,HS,227,0.0,1,0,computed
AT1G27385,AT1G27385.4,1,NS,254,5.51,1,0,computed
AT1G27430,AT1G27430.1,1,HS,1492,89.54,3,100,computed
AT1G27730,AT1G27730.1,0,depleted,227,66.08,3,100,computed
AT1G27900,AT1G27900.3,1,HS,540,4.07,1,0,computed
AT1G28135,AT1G28135.1,0,depleted,51,100.0,3,100,computed
AT1G28150,AT1G28150.2,0,depleted,123,21.95,2,50,computed
AT1G28230,AT1G28230.1,0,depleted,356,12.64,2,50,computed
AT1G28290,AT1G28290.1,1,both,359,66.57,3,100,computed
AT1G28370,AT1G28370.2,0,depleted,204,14.22,2,50,computed
AT1G28380,AT1G28380.1,1,HS,612,7.52,1,0,computed
AT1G28480,AT1G28480.1,0,depleted,137,16.06,2,50,computed
AT1G28540,AT1G28540.1,0,depleted,103,100.0,3,100,computed
AT1G28570,AT1G28570.1,1,NS,389,1.03,1,0,computed
AT1G29090,AT1G29090.1,0,depleted,355,0.0,1,0,computed
AT1G29280,AT1G29280.1,0,depleted,259,74.13,3,100,computed
AT1G29400,AT1G29400.3,1,HS,800,60.25,3,100,computed
AT1G29465,AT1G29465.1,0,depleted,36,0.0,1,0,computed
AT1G29850,AT1G29850.3,1,HS,138,47.83,3,100,computed
AT1G30110,AT1G30110.1,0,depleted,175,16.57,2,50,computed
AT1G30600,AT1G30600.1,1,NS,832,6.01,1,0,computed
AT1G30870,AT1G30870.1,0,depleted,349,4.01,1,0,computed
AT1G31160,AT1G31160.1,0,depleted,187,0.0,1,0,computed
AT1G31220,AT1G31220.1,1,NS,292,3.42,1,0,computed
AT1G31835,AT1G31835.2,0,depleted,79,49.37,3,100,computed
AT1G31970,AT1G31970.1,1,NS,537,21.79,2,50,computed
AT1G32130,AT1G32130.1,1,HS,502,81.67,3,100,computed
AT1G32220,AT1G32220.1,1,HS,296,0.0,1,0,computed
AT1G32310,AT1G32310.1,0,depleted,100,65.0,3,100,computed
AT1G32370,AT1G32370.2,0,depleted,131,33.59,3,100,computed
AT1G32440,AT1G32440.1,1,HS,571,0.0,1,0,computed
AT1G32550,AT1G32550.2,1,both,194,0.0,1,0,computed
AT1G33040,AT1G33040.1,0,depleted,209,92.34,3,100,computed
AT1G33050,AT1G33050.4,1,HS,693,39.54,3,100,computed
AT1G33265,AT1G33265.1,0,depleted,177,0.56,1,0,computed
AT1G33520,AT1G33520.1,1,HS,462,45.89,3,100,computed
AT1G33760,AT1G33760.1,0,depleted,184,54.35,3,100,computed
AT1G33810,AT1G33810.1,1,HS,138,47.83,3,100,computed
AT1G35140,AT1G35140.1,0,depleted,309,1.94,1,0,computed
AT1G35420,AT1G35420.2,1,HS,315,7.3,1,0,computed
AT1G35780,AT1G35780.2,1,HS,212,35.38,3,100,computed
AT1G36370,AT1G36370.1,1,HS,598,20.9,2,50,computed
AT1G43710,AT1G43710.1,1,HS,482,15.56,2,50,computed
AT1G43800,AT1G43800.1,0,depleted,391,3.84,1,0,computed
AT1G44790,AT1G44790.1,0,depleted,199,0.5,1,0,computed
AT1G45145,AT1G45145.1,1,HS,118,1.69,1,0,computed
AT1G45170,AT1G45170.1,0,depleted,213,0.0,1,0,computed
AT1G45230,AT1G45230.1,1,HS,219,32.42,3,100,computed
AT1G45474,AT1G45474.2,1,HS,256,0.0,1,0,computed
AT1G47200,AT1G47200.1,1,HS,180,61.67,3,100,computed
AT1G48320,AT1G48320.1,1,both,156,7.69,1,0,computed
AT1G48550,AT1G48550.1,0,depleted,327,0.0,1,0,computed
AT1G48600,AT1G48600.2,1,both,491,5.09,1,0,computed
AT1G48620,AT1G48620.1,1,HS,479,94.57,3,100,computed
AT1G48830,AT1G48830.1,1,HS,191,2.09,1,0,computed
AT1G49310,AT1G49310.1,0,depleted,82,19.51,2,50,computed
AT1G49405,AT1G49405.1,0,depleted,152,11.84,2,50,computed
AT1G49430,AT1G49430.1,1,HS,665,0.0,1,0,computed
AT1G49600,AT1G49600.3,1,HS,450,38.89,3,100,computed
AT1G49650,AT1G49650.1,1,NS,374,0.0,1,0,computed
AT1G49750,AT1G49750.1,1,both,494,36.64,3,100,computed
AT1G49760,AT1G49760.1,1,HS,671,43.52,3,100,computed
AT1G50370,AT1G50370.1,1,both,303,3.63,1,0,computed
AT1G50430,AT1G50430.1,1,HS,432,5.09,1,0,computed
AT1G50450,AT1G50450.1,1,HS,428,0.0,1,0,computed
AT1G50900,AT1G50900.1,1,HS,175,0.0,1,0,computed
AT1G51140,AT1G51140.1,0,depleted,379,81.0,3,100,computed
AT1G51680,AT1G51680.1,1,HS,561,5.88,1,0,computed
AT1G51760,AT1G51760.1,1,HS,440,1.14,1,0,computed
AT1G52220,AT1G52220.1,1,HS,156,8.33,1,0,computed
AT1G52340,AT1G52340.1,1,both,285,4.56,1,0,computed
AT1G52670,AT1G52670.1,1,HS,274,22.99,2,50,computed
AT1G52830,AT1G52830.1,0,depleted,189,2.65,1,0,computed
AT1G52905,AT1G52905.1,0,depleted,47,0.0,1,0,computed
AT1G53280,AT1G53280.1,1,NS,438,0.0,1,0,computed
AT1G53610,AT1G53610.1,0,depleted,94,32.98,3,100,computed
AT1G53970,AT1G53970.2,0,depleted,97,13.4,2,50,computed
AT1G54120,AT1G54120.1,0,depleted,124,0.0,1,0,computed
AT1G54290,AT1G54290.1,1,both,113,17.7,2,50,computed
AT1G54575,AT1G54575.2,0,depleted,124,75.0,3,100,computed
AT1G54580,AT1G54580.1,1,HS,136,0.0,1,0,computed
AT1G55210,AT1G55210.1,1,NS,187,6.42,1,0,computed
AT1G55260,AT1G55260.1,0,depleted,227,22.03,2,50,computed
AT1G55500,AT1G55500.4,1,both,593,58.18,3,100,computed
AT1G56500,AT1G56500.2,1,HS,878,3.08,1,0,computed
AT1G56660,AT1G56660.1,0,depleted,522,100.0,3,100,computed
AT1G56700,AT1G56700.1,1,HS,219,3.65,1,0,computed
AT1G58110,AT1G58110.2,1,HS,374,53.21,3,100,computed
AT1G58420,AT1G58420.1,0,depleted,179,70.39,3,100,computed
AT1G59600,AT1G59600.1,0,depleted,324,2.78,1,0,computed
AT1G60430,AT1G60430.2,1,HS,174,2.87,1,0,computed
AT1G60640,AT1G60640.2,1,NS,340,97.65,3,100,computed
AT1G60660,AT1G60660.1,0,depleted,121,38.02,3,100,computed
AT1G60730,AT1G60730.3,1,HS,365,1.1,1,0,computed
AT1G61340,AT1G61340.1,0,depleted,185,10.81,2,50,computed
AT1G61570,AT1G61570.1,0,depleted,87,28.74,2,50,computed
AT1G61920,AT1G61920.1,0,depleted,56,0.0,1,0,computed
AT1G62150,AT1G62150.1,0,depleted,463,0.0,1,0,computed
AT1G62180,AT1G62180.1,1,HS,454,15.64,2,50,computed
AT1G62380,AT1G62380.1,1,HS,320,0.94,1,0,computed
AT1G62560,AT1G62560.2,1,NS,396,10.35,2,50,computed
AT1G62710,AT1G62710.1,0,depleted,486,5.97,1,0,computed
AT1G63000,AT1G63000.1,1,HS,301,0.0,1,0,computed
AT1G63130,AT1G63130.1,0,depleted,630,0.0,1,0,computed
AT1G63460,AT1G63460.1,1,NS,167,3.59,1,0,computed
AT1G63610,AT1G63610.2,1,HS,257,42.02,3,100,computed
AT1G63800,AT1G63800.1,0,depleted,185,38.92,3,100,computed
AT1G64065,AT1G64065.1,0,depleted,214,37.38,3,100,computed
AT1G64400,AT1G64400.1,1,HS,665,3.46,1,0,computed
AT1G64680,AT1G64680.2,1,HS,204,0.0,1,0,computed
AT1G65240,AT1G65240.1,0,depleted,475,6.95,1,0,computed
AT1G65346,AT1G65346.1,0,depleted,122,15.57,2,50,computed
AT1G65540,AT1G65540.3,1,HS,736,24.46,2,50,computed
AT1G66400,AT1G66400.1,0,depleted,157,1.91,1,0,computed
AT1G66430,AT1G66430.1,1,HS,384,13.02,2,50,computed
AT1G66500,AT1G66500.1,0,depleted,416,41.59,3,100,computed
AT1G66530,AT1G66530.1,1,NS,590,0.0,1,0,computed
AT1G66820,AT1G66820.1,0,depleted,109,12.84,2,50,computed
AT1G67870,AT1G67870.1,1,HS,279,100.0,3,100,computed
AT1G68100,AT1G68100.1,1,HS,469,63.11,3,100,computed
AT1G68185,AT1G68185.2,1,NS,261,41.0,3,100,computed
AT1G68310,AT1G68310.1,0,depleted,159,10.06,2,50,computed
AT1G68660,AT1G68660.1,1,HS,159,1.26,1,0,computed
AT1G68680,AT1G68680.1,1,both,75,25.33,2,50,computed
AT1G68945,AT1G68945.1,0,depleted,48,0.0,1,0,computed
AT1G69010,AT1G69010.1,1,NS,311,87.46,3,100,computed
AT1G69370,AT1G69370.1,1,HS,316,0.0,1,0,computed
AT1G69510,AT1G69510.2,1,HS,137,100.0,3,100,computed
AT1G69530,AT1G69530.3,1,NS,275,0.0,1,0,computed
AT1G70440,AT1G70440.1,0,depleted,305,7.21,1,0,computed
AT1G70580,AT1G70580.1,1,both,481,0.0,1,0,computed
AT1G70710,AT1G70710.1,1,both,492,2.44,1,0,computed
AT1G70760,AT1G70760.1,0,depleted,191,22.51,2,50,computed
AT1G70790,AT1G70790.1,1,both,185,11.35,2,50,computed
AT1G70880,AT1G70880.1,0,depleted,159,29.56,2,50,computed
AT1G71040,AT1G71040.1,1,NS,581,0.52,1,0,computed
AT1G71740,AT1G71740.1,0,depleted,130,4.62,1,0,computed
AT1G71790,AT1G71790.1,1,both,256,0.39,1,0,computed
AT1G72010,AT1G72010.1,1,HS,375,84.8,3,100,computed
AT1G72550,AT1G72550.1,1,HS,598,0.0,1,0,computed
AT1G72610,AT1G72610.1,0,depleted,208,0.48,1,0,computed
AT1G72680,AT1G72680.1,1,HS,355,1.69,1,0,computed
AT1G72930,AT1G72930.1,1,NS,176,0.0,1,0,computed
AT1G73060,AT1G73060.1,1,HS,358,0.0,1,0,computed
AT1G73220,AT1G73220.1,0,depleted,539,11.87,2,50,computed
AT1G73230,AT1G73230.1,1,HS,165,63.64,3,100,computed
AT1G73350,AT1G73350.5,1,NS,213,97.18,3,100,computed
AT1G73380,AT1G73380.1,0,depleted,434,0.69,1,0,computed
AT1G73540,AT1G73540.1,0,depleted,198,0.0,1,0,computed
AT1G73600,AT1G73600.2,1,NS,504,3.37,1,0,computed
AT1G73840,AT1G73840.1,1,NS,388,94.85,3,100,computed
AT1G73965,AT1G73965.1,0,depleted,107,40.19,3,100,computed
AT1G74060,AT1G74060.1,1,HS,233,51.07,3,100,computed
AT1G74090,AT1G74090.1,1,both,350,13.14,2,50,computed
AT1G74100,AT1G74100.1,1,both,338,5.62,1,0,computed
AT1G74210,AT1G74210.1,0,depleted,392,4.34,1,0,computed
AT1G74280,AT1G74280.1,0,depleted,372,11.29,2,50,computed
AT1G74450,AT1G74450.1,0,depleted,397,27.71,2,50,computed
AT1G74640,AT1G74640.1,1,NS,370,0.0,1,0,computed
AT1G74930,AT1G74930.1,0,depleted,195,32.31,3,100,computed
AT1G75100,AT1G75100.1,1,NS,651,77.57,3,100,computed
AT1G75190,AT1G75190.1,1,NS,131,100.0,3,100,computed
AT1G75830,AT1G75830.1,0,depleted,80,11.25,2,50,computed
AT1G76020,AT1G76020.1,0,depleted,225,3.11,1,0,computed
AT1G76150,AT1G76150.1,1,HS,309,2.27,1,0,computed
AT1G76185,AT1G76185.1,0,depleted,106,66.98,3,100,computed
AT1G76650,AT1G76650.1,0,depleted,177,40.68,3,100,computed
AT1G76680,AT1G76680.2,1,HS,397,2.27,1,0,computed
AT1G76860,AT1G76860.1,0,depleted,98,7.14,1,0,computed
AT1G76970,AT1G76970.2,0,depleted,446,55.16,3,100,computed
AT1G77090,AT1G77090.1,0,depleted,260,9.62,1,0,computed
AT1G77120,AT1G77120.1,1,HS,379,0.0,1,0,computed
AT1G77122,AT1G77122.1,0,depleted,323,28.17,2,50,computed
AT1G77540,AT1G77540.1,0,depleted,114,24.56,2,50,computed
AT1G77610,AT1G77610.1,0,depleted,336,11.9,2,50,computed
AT1G77680,AT1G77680.1,1,NS,1055,20.0,2,50,computed
AT1G77750,AT1G77750.1,0,depleted,154,39.61,3,100,computed
AT1G77855,AT1G77855.1,0,depleted,317,2.21,1,0,computed
AT1G77930,AT1G77930.3,1,HS,206,0.0,1,0,computed
AT1G78010,AT1G78010.1,1,HS,560,0.0,1,0,computed
AT1G78020,AT1G78020.1,1,HS,162,75.93,3,100,computed
AT1G78060,AT1G78060.1,1,HS,767,2.22,1,0,computed
AT1G78140,AT1G78140.1,0,depleted,355,0.0,1,0,computed
AT1G78370,AT1G78370.1,1,both,217,0.0,1,0,computed
AT1G78580,AT1G78580.1,1,HS,942,20.7,2,50,computed
AT1G78620,AT1G78620.2,1,both,342,9.36,1,0,computed
AT1G78915,AT1G78915.3,0,depleted,405,30.86,3,100,computed
AT1G78995,AT1G78995.1,1,NS,159,28.93,2,50,computed
AT1G79170,AT1G79170.1,0,depleted,84,100.0,3,100,computed
AT1G79200,AT1G79200.1,1,both,159,65.41,3,100,computed
AT1G79210,AT1G79210.1,0,depleted,235,0.85,1,0,computed
AT1G79470,AT1G79470.1,1,NS,503,1.79,1,0,computed
AT1G79690,AT1G79690.1,1,HS,772,2.33,1,0,computed
AT1G80030,AT1G80030.2,1,HS,500,24.2,2,50,computed
AT1G80360,AT1G80360.3,1,HS,394,3.81,1,0,computed
AT1G80500,AT1G80500.2,1,NS,135,0.0,1,0,computed
AT1G80650,AT1G80650.3,1,HS,146,90.41,3,100,computed
AT1G80770,AT1G80770.6,1,HS,482,10.58,2,50,computed
AT1G80820,AT1G80820.1,0,depleted,332,9.64,1,0,computed
AT1G80910,AT1G80910.1,1,NS,497,11.87,2,50,computed
AT5G01210,AT5G01210.1,0,depleted,475,0.21,1,0,computed
AT5G01490,AT5G01490.1,0,depleted,454,22.69,2,50,computed
AT5G01650,AT5G01650.3,1,HS,122,0.0,1,0,computed
AT5G01870,AT5G01870.1,0,depleted,116,0.0,1,0,computed
AT5G01920,AT5G01920.1,1,HS,495,0.2,1,0,computed
AT5G02120,AT5G02120.1,1,HS,110,3.64,1,0,computed
AT5G02280,AT5G02280.1,1,NS,141,0.0,1,0,computed
AT5G02490,AT5G02490.1,1,NS,653,24.81,2,50,computed
AT5G02610,AT5G02610.2,1,HS,146,0.0,1,0,computed
AT5G02690,AT5G02690.1,0,depleted,40,0.0,1,0,computed
AT5G02710,AT5G02710.2,0,depleted,176,30.68,3,100,computed
AT5G03160,AT5G03160.1,0,depleted,482,18.26,2,50,computed
AT5G03210,AT5G03210.2,0,depleted,89,43.82,3,100,computed
AT5G03300,AT5G03300.1,1,HS,345,0.0,1,0,computed
AT5G03350,AT5G03350.1,1,NS,274,18.98,2,50,computed
AT5G03520,AT5G03520.1,1,HS,216,0.0,1,0,computed
AT5G03860,AT5G03860.1,0,depleted,562,0.0,1,0,computed
AT5G04230,AT5G04230.2,1,both,698,11.17,2,50,computed
AT5G04238,AT5G04238.1,0,depleted,64,92.19,3,100,computed
AT5G04520,AT5G04520.1,1,NS,291,6.87,1,0,computed
AT5G04850,AT5G04850.2,1,HS,272,61.03,3,100,computed
AT5G04900,AT5G04900.1,1,NS,348,0.0,1,0,computed
AT5G04950,AT5G04950.1,0,depleted,320,0.0,1,0,computed
AT5G05000,AT5G05000.3,1,HS,313,2.24,1,0,computed
AT5G05230,AT5G05230.1,1,NS,363,54.27,3,100,computed
AT5G05290,AT5G05290.1,0,depleted,255,1.96,1,0,computed
AT5G05300,AT5G05300.1,0,depleted,102,3.92,1,0,computed
AT5G05330,AT5G05330.1,0,depleted,220,18.64,2,50,computed
AT5G05370,AT5G05370.1,0,depleted,72,0.0,1,0,computed
AT5G05410,AT5G05410.1,0,depleted,335,78.51,3,100,computed
AT5G05470,AT5G05470.1,1,NS,344,18.6,2,50,computed
AT5G05540,AT5G05540.1,0,depleted,466,11.8,2,50,computed
AT5G05610,AT5G05610.1,1,HS,241,28.22,2,50,computed
AT5G05730,AT5G05730.2,1,NS,624,3.21,1,0,computed
AT5G05770,AT5G05770.1,0,depleted,122,28.69,2,50,computed
AT5G06130,AT5G06130.2,1,HS,315,5.71,1,0,computed
AT5G06140,AT5G06140.1,1,HS,402,8.46,1,0,computed
AT5G06360,AT5G06360.1,1,HS,260,45.77,3,100,computed
AT5G06410,AT5G06410.1,0,depleted,252,0.79,1,0,computed
AT5G06640,AT5G06640.1,0,depleted,689,96.95,3,100,computed
AT5G06770,AT5G06770.1,1,HS,240,78.33,3,100,computed
AT5G07010,AT5G07010.1,1,both,359,2.23,1,0,computed
AT5G07030,AT5G07030.1,1,both,455,5.49,1,0,computed
AT5G07460,AT5G07460.1,1,HS,218,31.65,3,100,computed
AT5G07571,AT5G07571.1,0,depleted,129,22.48,2,50,computed
AT5G07830,AT5G07830.1,1,HS,543,1.47,1,0,computed
AT5G08080,AT5G08080.3,1,NS,315,32.7,3,100,computed
AT5G08130,AT5G08130.8,1,HS,533,83.49,3,100,computed
AT5G08150,AT5G08150.1,0,depleted,144,100.0,3,100,computed
AT5G08180,AT5G08180.1,1,NS,156,7.69,1,0,computed
AT5G08200,AT5G08200.1,1,HS,409,94.62,3,100,computed
AT5G08390,AT5G08390.1,1,HS,839,45.89,3,100,computed
AT5G08590,AT5G08590.2,1,HS,277,23.47,2,50,computed
AT5G09230,AT5G09230.7,0,depleted,376,7.18,1,0,computed
AT5G09250,AT5G09250.2,1,NS,85,45.88,3,100,computed
AT5G09650,AT5G09650.1,1,HS,300,0.0,1,0,computed
AT5G09830,AT5G09830.1,1,HS,93,31.18,3,100,computed
AT5G09900,AT5G09900.3,1,HS,462,23.59,2,50,computed
AT5G09995,AT5G09995.2,0,depleted,257,21.01,2,50,computed
AT5G10120,AT5G10120.1,0,depleted,471,44.8,3,100,computed
AT5G10130,AT5G10130.1,0,depleted,164,1.22,1,0,computed
AT5G10460,AT5G10460.1,0,depleted,306,0.0,1,0,computed
AT5G10630,AT5G10630.4,1,HS,743,24.5,2,50,computed
AT5G11340,AT5G11340.1,0,depleted,164,6.1,1,0,computed
AT5G11450,AT5G11450.2,1,HS,315,3.81,1,0,computed
AT5G11490,AT5G11490.2,1,HS,850,14.59,2,50,computed
AT5G11600,AT5G11600.1,0,depleted,242,81.4,3,100,computed
AT5G11840,AT5G11840.2,1,NS,197,42.13,3,100,computed
AT5G11950,AT5G11950.1,1,NS,216,21.76,2,50,computed
AT5G12150,AT5G12150.1,1,HS,827,49.94,3,100,computed
AT5G12200,AT5G12200.1,1,HS,531,3.01,1,0,computed
AT5G12250,AT5G12250.1,1,HS,449,10.47,2,50,computed
AT5G12850,AT5G12850.1,1,HS,706,58.07,3,100,computed
AT5G13050,AT5G13050.1,1,NS,277,0.0,1,0,computed
AT5G13370,AT5G13370.1,1,HS,595,0.0,1,0,computed
AT5G13550,AT5G13550.1,1,HS,685,10.22,2,50,computed
AT5G13900,AT5G13900.1,0,depleted,151,0.0,1,0,computed
AT5G14105,AT5G14105.1,0,depleted,76,47.37,3,100,computed
AT5G14200,AT5G14200.3,1,both,388,0.0,1,0,computed
AT5G14250,AT5G14250.2,1,NS,356,0.0,1,0,computed
AT5G14330,AT5G14330.1,0,depleted,128,77.34,3,100,computed
AT5G14600,AT5G14600.1,1,HS,318,23.58,2,50,computed
AT5G14750,AT5G14750.1,0,depleted,203,10.84,2,50,computed
AT5G14790,AT5G14790.1,1,HS,346,20.23,2,50,computed
AT5G14910,AT5G14910.1,1,HS,178,0.56,1,0,computed
AT5G14930,AT5G14930.2,1,HS,537,0.56,1,0,computed
AT5G15200,AT5G15200.1,1,HS,198,24.75,2,50,computed
AT5G15390,AT5G15390.2,1,NS,260,1.15,1,0,computed
AT5G15530,AT5G15530.1,1,HS,255,44.31,3,100,computed
AT5G15750,AT5G15750.1,0,depleted,182,0.0,1,0,computed
AT5G15802,AT5G15802.1,1,NS,99,0.0,1,0,computed
AT5G15960,AT5G15960.1,1,HS,66,89.39,3,100,computed
AT5G16050,AT5G16050.2,1,NS,268,22.01,2,50,computed
AT5G16120,AT5G16120.4,1,HS,383,0.0,1,0,computed
AT5G16290,AT5G16290.1,1,HS,477,1.26,1,0,computed
AT5G16360,AT5G16360.1,0,depleted,283,1.77,1,0,computed
AT5G16440,AT5G16440.1,1,NS,291,3.44,1,0,computed
AT5G16730,AT5G16730.1,1,HS,853,80.42,3,100,computed
AT5G16810,AT5G16810.1,1,HS,418,0.0,1,0,computed
AT5G17290,AT5G17290.1,0,depleted,337,9.2,1,0,computed
AT5G17350,AT5G17350.1,0,depleted,183,4.37,1,0,computed
AT5G17820,AT5G17820.2,0,depleted,366,3.83,1,0,computed
AT5G17870,AT5G17870.2,1,HS,129,65.89,3,100,computed
AT5G17920,AT5G17920.1,1,HS,765,0.13,1,0,computed
AT5G17990,AT5G17990.1,1,HS,444,0.0,1,0,computed
AT5G18100,AT5G18100.1,1,HS,164,14.02,2,50,computed
AT5G18250,AT5G18250.1,0,depleted,133,29.32,2,50,computed
AT5G18600,AT5G18600.1,0,depleted,102,0.0,1,0,computed
AT5G18610,AT5G18610.2,1,HS,513,44.64,3,100,computed
AT5G19050,AT5G19050.1,1,HS,361,23.55,2,50,computed
AT5G19140,AT5G19140.1,1,HS,234,0.0,1,0,computed
AT5G19420,AT5G19420.2,1,NS,1139,40.39,3,100,computed
AT5G19480,AT5G19480.3,1,both,207,61.84,3,100,computed
AT5G19510,AT5G19510.1,1,HS,224,32.59,3,100,computed
AT5G19690,AT5G19690.1,1,HS,779,19.9,2,50,computed
AT5G19940,AT5G19940.1,1,HS,239,0.0,1,0,computed
AT5G19950,AT5G19950.1,1,HS,443,61.63,3,100,computed
AT5G19990,AT5G19990.1,1,HS,419,12.65,2,50,computed
AT5G20040,AT5G20040.3,0,depleted,469,0.0,1,0,computed
AT5G20070,AT5G20070.1,1,HS,438,0.68,1,0,computed
AT5G20500,AT5G20500.1,1,HS,135,0.0,1,0,computed
AT5G20570,AT5G20570.2,1,HS,142,20.42,2,50,computed
AT5G20790,AT5G20790.1,0,depleted,193,21.24,2,50,computed
AT5G20935,AT5G20935.1,0,depleted,121,0.0,1,0,computed
AT5G21274,AT5G21274.1,1,HS,149,9.4,1,0,computed
AT5G21430,AT5G21430.1,1,HS,218,45.87,3,100,computed
AT5G21920,AT5G21920.1,0,depleted,251,22.71,2,50,computed
AT5G22040,AT5G22040.2,1,HS,284,100.0,3,100,computed
AT5G22250,AT5G22250.1,0,depleted,278,0.36,1,0,computed
AT5G22330,AT5G22330.1,1,HS,458,4.8,1,0,computed
AT5G22510,AT5G22510.1,1,HS,617,2.43,1,0,computed
AT5G22790,AT5G22790.1,1,HS,433,20.79,2,50,computed
AT5G22830,AT5G22830.1,1,HS,459,20.26,2,50,computed
AT5G22880,AT5G22880.1,1,both,145,40.0,3,100,computed
AT5G23010,AT5G23010.3,1,both,502,1.99,1,0,computed
AT5G23050,AT5G23050.1,1,both,721,0.0,1,0,computed
AT5G23200,AT5G23200.1,1,NS,399,39.6,3,100,computed
AT5G23330,AT5G23330.1,1,HS,354,5.37,1,0,computed
AT5G23400,AT5G23400.1,1,NS,589,0.0,1,0,computed
AT5G23580,AT5G23580.1,1,NS,490,6.94,1,0,computed
AT5G23840,AT5G23840.1,0,depleted,167,10.18,2,50,computed
AT5G23860,AT5G23860.1,1,HS,449,10.47,2,50,computed
AT5G24020,AT5G24020.1,1,HS,326,3.68,1,0,computed
AT5G24210,AT5G24210.2,1,NS,350,12.29,2,50,computed
AT5G24314,AT5G24314.2,1,HS,169,0.0,1,0,computed
AT5G24400,AT5G24400.1,1,HS,325,0.0,1,0,computed
AT5G24850,AT5G24850.1,1,NS,569,8.79,1,0,computed
AT5G25890,AT5G25890.1,0,depleted,175,45.14,3,100,computed
AT5G25940,AT5G25940.1,1,HS,115,29.57,2,50,computed
AT5G26360,AT5G26360.1,1,HS,555,8.47,1,0,computed
AT5G26742,AT5G26742.2,1,HS,748,20.19,2,50,computed
AT5G26751,AT5G26751.1,1,HS,405,14.07,2,50,computed
AT5G27030,AT5G27030.2,1,HS,1134,22.22,2,50,computed
AT5G27120,AT5G27120.1,1,NS,533,26.64,2,50,computed
AT5G27400,AT5G27400.1,0,depleted,369,5.42,1,0,computed
AT5G27450,AT5G27450.2,1,HS,378,0.0,1,0,computed
AT5G27560,AT5G27560.3,1,HS,341,17.01,2,50,computed
AT5G27700,AT5G27700.1,1,HS,82,10.98,2,50,computed
AT5G27770,AT5G27770.1,1,HS,124,5.65,1,0,computed
AT5G28050,AT5G28050.3,1,HS,290,0.0,1,0,computed
AT5G28500,AT5G28500.1,1,HS,434,16.13,2,50,computed
AT5G28840,AT5G28840.1,1,HS,377,1.86,1,0,computed
AT5G30490,AT5G30490.2,1,HS,236,58.47,3,100,computed
AT5G35700,AT5G35700.1,1,HS,687,10.77,2,50,computed
AT5G35980,AT5G35980.2,1,HS,787,42.82,3,100,computed
AT5G36130,AT5G36130.1,0,depleted,140,9.29,1,0,computed
AT5G36170,AT5G36170.1,1,HS,456,0.22,1,0,computed
AT5G36210,AT5G36210.1,1,HS,730,0.27,1,0,computed
AT5G37475,AT5G37475.2,1,HS,225,70.22,3,100,computed
AT5G37770,AT5G37770.1,0,depleted,161,3.11,1,0,computed
AT5G38000,AT5G38000.1,0,depleted,353,1.98,1,0,computed
AT5G38060,AT5G38060.1,1,NS,134,8.21,1,0,computed
AT5G38110,AT5G38110.1,0,depleted,218,38.53,3,100,computed
AT5G38520,AT5G38520.2,1,HS,374,0.0,1,0,computed
AT5G38720,AT5G38720.2,1,NS,325,90.77,3,100,computed
AT5G39210,AT5G39210.1,0,depleted,156,0.0,1,0,computed
AT5G39320,AT5G39320.1,1,HS,480,0.0,1,0,computed
AT5G39410,AT5G39410.1,1,HS,454,10.57,2,50,computed
AT5G39730,AT5G39730.1,1,NS,172,30.81,3,100,computed
AT5G39785,AT5G39785.4,0,depleted,631,22.5,2,50,computed
AT5G39850,AT5G39850.1,1,HS,197,25.38,2,50,computed
AT5G40180,AT5G40180.1,0,depleted,64,0.0,1,0,computed
AT5G40330,AT5G40330.1,0,depleted,219,4.57,1,0,computed
AT5G41210,AT5G41210.1,1,HS,245,0.41,1,0,computed
AT5G41330,AT5G41330.1,1,NS,458,0.0,1,0,computed
AT5G42050,AT5G42050.1,1,HS,349,33.52,3,100,computed
AT5G42070,AT5G42070.1,1,HS,164,60.37,3,100,computed
AT5G42100,AT5G42100.1,1,HS,425,28.0,2,50,computed
AT5G42765,AT5G42765.1,1,HS,229,6.11,1,0,computed
AT5G42900,AT5G42900.2,0,depleted,246,86.59,3,100,computed
AT5G42950,AT5G42950.1,1,HS,1714,82.09,3,100,computed
AT5G42990,AT5G42990.1,1,both,161,18.63,2,50,computed
AT5G43050,AT5G43050.1,0,depleted,158,0.0,1,0,computed
AT5G43140,AT5G43140.1,0,depleted,254,2.36,1,0,computed
AT5G43270,AT5G43270.1,0,depleted,419,39.62,3,100,computed
AT5G43280,AT5G43280.2,1,HS,220,5.45,1,0,computed
AT5G43350,AT5G43350.1,0,depleted,524,5.92,1,0,computed
AT5G43370,AT5G43370.1,0,depleted,524,5.92,1,0,computed
AT5G43580,AT5G43580.1,0,depleted,99,12.12,2,50,computed
AT5G43600,AT5G43600.1,1,HS,476,3.99,1,0,computed
AT5G43620,AT5G43620.1,0,depleted,410,55.61,3,100,computed
AT5G43830,AT5G43830.1,1,HS,251,20.72,2,50,computed
AT5G43850,AT5G43850.1,1,HS,187,0.0,1,0,computed
AT5G43970,AT5G43970.1,1,HS,99,61.62,3,100,computed
AT5G44070,AT5G44070.1,1,HS,485,0.0,1,0,computed
AT5G44200,AT5G44200.2,1,HS,257,58.75,3,100,computed
AT5G44450,AT5G44450.2,1,HS,281,23.84,2,50,computed
AT5G45070,AT5G45070.1,0,depleted,354,3.95,1,0,computed
AT5G45340,AT5G45340.1,0,depleted,463,2.59,1,0,computed
AT5G45775,AT5G45775.2,1,HS,182,3.85,1,0,computed
AT5G46020,AT5G46020.1,1,HS,164,100.0,3,100,computed
AT5G46110,AT5G46110.4,1,HS,415,11.81,2,50,computed
AT5G46890,AT5G46890.1,0,depleted,127,19.69,2,50,computed
AT5G46960,AT5G46960.1,0,depleted,174,2.3,1,0,computed
AT5G47010,AT5G47010.1,1,HS,1254,39.95,3,100,computed
AT5G47190,AT5G47190.1,1,HS,229,37.99,3,100,computed
AT5G47435,AT5G47435.2,1,NS,323,0.0,1,0,computed
AT5G47550,AT5G47550.1,0,depleted,122,14.75,2,50,computed
AT5G47590,AT5G47590.1,0,depleted,264,7.2,1,0,computed
AT5G47630,AT5G47630.2,1,HS,131,0.0,1,0,computed
AT5G47650,AT5G47650.2,1,HS,325,16.92,2,50,computed
AT5G47710,AT5G47710.1,1,HS,166,0.6,1,0,computed
AT5G47770,AT5G47770.1,1,HS,384,0.0,1,0,computed
AT5G47930,AT5G47930.1,1,both,84,3.57,1,0,computed
AT5G47960,AT5G47960.1,0,depleted,223,1.79,1,0,computed
AT5G47990,AT5G47990.1,0,depleted,511,3.13,1,0,computed
AT5G48020,AT5G48020.1,1,HS,355,23.94,2,50,computed
AT5G48220,AT5G48220.1,1,HS,379,29.02,2,50,computed
AT5G48290,AT5G48290.3,0,depleted,201,63.18,3,100,computed
AT5G48370,AT5G48370.1,1,HS,438,9.36,1,0,computed
AT5G48680,AT5G48680.1,1,NS,206,78.16,3,100,computed
AT5G48870,AT5G48870.1,1,NS,88,17.05,2,50,computed
AT5G48880,AT5G48880.2,1,NS,457,6.56,1,0,computed
AT5G48930,AT5G48930.1,1,both,433,5.77,1,0,computed
AT5G49170,AT5G49170.1,0,depleted,185,0.0,1,0,computed
AT5G49210,AT5G49210.1,0,depleted,195,5.13,1,0,computed
AT5G49220,AT5G49220.1,1,NS,409,38.39,3,100,computed
AT5G49510,AT5G49510.1,1,both,195,14.36,2,50,computed
AT5G50370,AT5G50370.1,0,depleted,248,0.81,1,0,computed
AT5G50460,AT5G50460.1,1,NS,69,56.52,3,100,computed
AT5G50760,AT5G50760.1,0,depleted,183,31.69,3,100,computed
AT5G50810,AT5G50810.1,0,depleted,77,0.0,1,0,computed
AT5G50950,AT5G50950.1,1,NS,510,20.2,2,50,computed
AT5G51120,AT5G51120.2,1,HS,265,55.09,3,100,computed
AT5G51190,AT5G51190.1,0,depleted,221,23.08,2,50,computed
AT5G51550,AT5G51550.1,1,both,337,0.3,1,0,computed
AT5G51580,AT5G51580.1,0,depleted,239,7.53,1,0,computed
AT5G51830,AT5G51830.1,1,NS,343,0.58,1,0,computed
AT5G52020,AT5G52020.1,0,depleted,232,77.59,3,100,computed
AT5G52100,AT5G52100.1,1,HS,298,0.0,1,0,computed
AT5G52380,AT5G52380.1,1,NS,268,63.06,3,100,computed
AT5G52440,AT5G52440.1,1,NS,260,54.23,3,100,computed
AT5G52580,AT5G52580.2,1,HS,690,30.0,3,100,computed
AT5G52650,AT5G52650.1,1,HS,179,67.04,3,100,computed
AT5G52810,AT5G52810.1,1,NS,325,0.0,1,0,computed
AT5G52820,AT5G52820.1,1,both,473,10.15,2,50,computed
AT5G53045,AT5G53045.1,0,depleted,96,0.0,1,0,computed
AT5G53120,AT5G53120.3,1,NS,359,0.0,1,0,computed
AT5G53310,AT5G53310.1,1,NS,210,30.48,3,100,computed
AT5G53330,AT5G53330.1,1,HS,221,70.59,3,100,computed
AT5G53530,AT5G53530.1,1,HS,302,0.0,1,0,computed
AT5G53580,AT5G53580.1,1,HS,365,0.0,1,0,computed
AT5G53740,AT5G53740.1,0,depleted,275,47.64,3,100,computed
AT5G54095,AT5G54095.1,0,depleted,135,100.0,3,100,computed
AT5G54110,AT5G54110.2,1,HS,187,35.83,3,100,computed
AT5G54270,AT5G54270.1,1,HS,265,0.38,1,0,computed
AT5G54300,AT5G54300.1,1,HS,326,60.12,3,100,computed
AT5G54440,AT5G54440.1,1,HS,1259,6.83,1,0,computed
AT5G54490,AT5G54490.1,0,depleted,127,19.69,2,50,computed
AT5G54750,AT5G54750.2,1,HS,199,1.01,1,0,computed
AT5G55110,AT5G55110.1,0,depleted,163,12.88,2,50,computed
AT5G55160,AT5G55160.2,1,HS,116,12.93,2,50,computed
AT5G55370,AT5G55370.1,0,depleted,343,7.87,1,0,computed
AT5G55670,AT5G55670.1,1,HS,710,88.31,3,100,computed
AT5G55730,AT5G55730.1,1,HS,424,24.29,2,50,computed
AT5G56020,AT5G56020.1,1,HS,230,36.09,3,100,computed
AT5G56140,AT5G56140.1,1,HS,315,52.38,3,100,computed
AT5G56600,AT5G56600.1,1,both,131,0.76,1,0,computed
AT5G56900,AT5G56900.2,1,NS,596,11.74,2,50,computed
AT5G57000,AT5G57000.1,0,depleted,187,100.0,3,100,computed
AT5G57015,AT5G57015.1,1,NS,435,34.25,3,100,computed
AT5G57120,AT5G57120.1,0,depleted,330,86.67,3,100,computed
AT5G57300,AT5G57300.2,0,depleted,288,0.0,1,0,computed
AT5G57350,AT5G57350.1,1,HS,949,7.9,1,0,computed
AT5G57960,AT5G57960.2,1,HS,386,0.26,1,0,computed
AT5G58005,AT5G58005.2,1,NS,116,22.41,2,50,computed
AT5G58230,AT5G58230.1,0,depleted,424,8.73,1,0,computed
AT5G58240,AT5G58240.1,1,HS,180,5.56,1,0,computed
AT5G58490,AT5G58490.1,1,HS,324,0.0,1,0,computed
AT5G58710,AT5G58710.1,1,NS,204,0.0,1,0,computed
AT5G59210,AT5G59210.1,1,NS,434,82.03,3,100,computed
AT5G59380,AT5G59380.1,0,depleted,225,100.0,3,100,computed
AT5G59470,AT5G59470.1,0,depleted,239,1.67,1,0,computed
AT5G59890,AT5G59890.1,1,HS,139,0.0,1,0,computed
AT5G60210,AT5G60210.5,1,HS,588,54.93,3,100,computed
AT5G60590,AT5G60590.2,0,depleted,288,5.21,1,0,computed
AT5G60660,AT5G60660.1,0,depleted,291,15.81,2,50,computed
AT5G60840,AT5G60840.1,1,HS,207,68.12,3,100,computed
AT5G60980,AT5G60980.3,1,HS,460,73.26,3,100,computed
AT5G61030,AT5G61030.1,1,NS,309,70.23,3,100,computed
AT5G61060,AT5G61060.2,1,HS,664,3.31,1,0,computed
AT5G61220,AT5G61220.2,0,depleted,87,0.0,1,0,computed
AT5G61310,AT5G61310.2,0,depleted,64,0.0,1,0,computed
AT5G61760,AT5G61760.2,1,HS,300,12.67,2,50,computed
AT5G62560,AT5G62560.1,1,HS,559,43.11,3,100,computed
AT5G62690,AT5G62690.1,1,HS,450,11.33,2,50,computed
AT5G62930,AT5G62930.2,1,HS,268,5.6,1,0,computed
AT5G63120,AT5G63120.4,1,HS,482,31.95,3,100,computed
AT5G63130,AT5G63130.2,0,depleted,192,31.25,3,100,computed
AT5G63180,AT5G63180.1,1,HS,432,20.14,2,50,computed
AT5G63280,AT5G63280.1,0,depleted,271,29.52,2,50,computed
AT5G63480,AT5G63480.1,0,depleted,189,70.37,3,100,computed
AT5G63600,AT5G63600.2,0,depleted,326,11.96,2,50,computed
AT5G63620,AT5G63620.3,1,HS,321,1.25,1,0,computed
AT5G63660,AT5G63660.1,0,depleted,73,10.96,2,50,computed
AT5G63670,AT5G63670.1,0,depleted,116,0.86,1,0,computed
AT5G63980,AT5G63980.1,1,both,353,0.0,1,0,computed
AT5G64140,AT5G64140.1,1,HS,64,100.0,3,100,computed
AT5G64160,AT5G64160.1,1,HS,227,100.0,3,100,computed
AT5G64220,AT5G64220.2,1,HS,1050,28.38,2,50,computed
AT5G64310,AT5G64310.1,0,depleted,131,98.47,3,100,computed
AT5G64350,AT5G64350.1,1,HS,112,38.39,3,100,computed
AT5G64370,AT5G64370.1,1,HS,408,2.7,1,0,computed
AT5G64460,AT5G64460.8,1,HS,282,0.0,1,0,computed
AT5G64480,AT5G64480.2,1,NS,212,0.0,1,0,computed
AT5G64570,AT5G64570.2,1,HS,626,0.64,1,0,computed
AT5G64610,AT5G64610.1,1,both,445,13.71,2,50,computed
AT5G64650,AT5G64650.1,0,depleted,160,39.38,3,100,computed
AT5G64680,AT5G64680.3,1,NS,211,45.02,3,100,computed
AT5G64816,AT5G64816.3,0,depleted,130,0.77,1,0,computed
AT5G64940,AT5G64940.1,1,HS,761,12.61,2,50,computed
AT5G65010,AT5G65010.2,1,HS,579,2.94,1,0,computed
AT5G65207,AT5G65207.1,0,depleted,73,0.0,1,0,computed
AT5G65270,AT5G65270.1,1,HS,226,11.06,2,50,computed
AT5G65430,AT5G65430.3,1,HS,260,0.0,1,0,computed
AT5G65609,AT5G65609.1,0,depleted,60,41.67,3,100,computed
AT5G65780,AT5G65780.2,1,NS,1018,68.47,3,100,computed
AT5G65770,AT5G65770.2,0,depleted,1042,64.97,3,100,computed
AT5G66607,AT5G66607.1,0,depleted,37,100.0,3,100,computed
AT5G66930,AT5G66930.3,0,depleted,251,22.31,2,50,computed
AT5G67380,AT5G67380.1,1,HS,409,4.16,1,0,computed
AT5G67430,AT5G67430.1,0,depleted,386,0.0,1,0,computed
AT5G67490,AT5G67490.1,1,HS,108,100.0,3,100,computed
AT5G67560,AT5G67560.1,1,HS,184,0.0,1,0,computed
AT3G01050,AT3G01050.3,0,depleted,117,6.84,1,0,computed
AT3G01120,AT3G01120.1,1,both,563,0.0,1,0,computed
AT3G01180,AT3G01180.1,1,HS,792,29.42,2,50,computed
AT3G01210,AT3G01210.1,0,depleted,249,0.0,1,0,computed
AT3G01290,AT3G01290.1,1,HS,285,0.0,1,0,computed
AT3G01340,AT3G01340.1,1,HS,302,3.64,1,0,computed
AT3G01440,AT3G01440.1,1,NS,220,9.55,1,0,computed
AT3G01470,AT3G01470.1,0,depleted,272,51.47,3,100,computed
AT3G01590,AT3G01590.1,1,HS,306,4.9,1,0,computed
AT3G01670,AT3G01670.2,1,both,846,18.32,2,50,computed
AT3G02190,AT3G02190.1,1,NS,51,0.0,1,0,computed
AT3G02220,AT3G02220.1,1,NS,227,57.27,3,100,computed
AT3G02480,AT3G02480.1,0,depleted,68,100.0,3,100,computed
AT3G02630,AT3G02630.1,1,HS,396,1.26,1,0,computed
AT3G02660,AT3G02660.2,1,HS,511,1.76,1,0,computed
AT3G02840,AT3G02840.1,0,depleted,379,0.0,1,0,computed
AT3G02860,AT3G02860.2,1,HS,313,84.35,3,100,computed
AT3G02875,AT3G02875.3,1,NS,312,2.24,1,0,computed
AT3G03010,AT3G03010.2,0,depleted,179,7.82,1,0,computed
AT3G03180,AT3G03180.3,0,depleted,192,9.9,1,0,computed
AT3G03280,AT3G03280.1,0,depleted,166,15.66,2,50,computed
AT3G03640,AT3G03640.1,0,depleted,531,8.1,1,0,computed
AT3G03780,AT3G03780.3,1,both,765,3.4,1,0,computed
AT3G03830,AT3G03830.1,0,depleted,92,0.0,1,0,computed
AT3G04060,AT3G04060.1,0,depleted,338,30.18,3,100,computed
AT3G04760,AT3G04760.1,1,HS,602,14.29,2,50,computed
AT3G04770,AT3G04770.1,1,NS,332,0.9,1,0,computed
AT3G04920,AT3G04920.2,1,HS,112,0.0,1,0,computed
AT3G04940,AT3G04940.1,1,NS,324,3.7,1,0,computed
AT3G05020,AT3G05020.1,1,HS,137,0.0,1,0,computed
AT3G05060,AT3G05060.1,0,depleted,533,27.39,2,50,computed
AT3G05180,AT3G05180.1,1,HS,379,0.26,1,0,computed
AT3G05270,AT3G05270.3,1,HS,615,81.14,3,100,computed
AT3G05520,AT3G05520.2,1,HS,382,1.57,1,0,computed
AT3G05560,AT3G05560.3,1,HS,124,8.87,1,0,computed
AT3G06110,AT3G06110.2,1,both,167,1.8,1,0,computed
AT3G06200,AT3G06200.1,1,NS,282,20.21,2,50,computed
AT3G06410,AT3G06410.1,1,HS,462,68.61,3,100,computed
AT3G06980,AT3G06980.1,1,HS,781,45.2,3,100,computed
AT3G07050,AT3G07050.1,1,NS,582,45.02,3,100,computed
AT3G07090,AT3G07090.1,1,NS,265,30.57,3,100,computed
AT3G07300,AT3G07300.3,1,HS,409,11.0,2,50,computed
AT3G07390,AT3G07390.1,1,HS,273,34.8,3,100,computed
AT3G07690,AT3G07690.1,1,HS,466,1.29,1,0,computed
AT3G07720,AT3G07720.1,0,depleted,329,4.86,1,0,computed
AT3G07810,AT3G07810.2,1,HS,495,74.14,3,100,computed
AT3G07950,AT3G07950.1,0,depleted,304,23.68,2,50,computed
AT3G08010,AT3G08010.1,1,HS,374,11.76,2,50,computed
AT3G08030,AT3G08030.1,1,HS,365,2.74,1,0,computed
AT3G08670,AT3G08670.1,1,HS,567,94.36,3,100,computed
AT3G08780,AT3G08780.2,1,HS,312,0.0,1,0,computed
AT3G09490,AT3G09490.1,0,depleted,334,0.9,1,0,computed
AT3G09500,AT3G09500.1,1,HS,123,0.0,1,0,computed
AT3G09540,AT3G09540.1,0,depleted,378,23.81,2,50,computed
AT3G09925,AT3G09925.1,0,depleted,171,4.09,1,0,computed
AT3G09980,AT3G09980.1,1,NS,178,100.0,3,100,computed
AT3G10070,AT3G10070.1,1,both,539,88.68,3,100,computed
AT3G10330,AT3G10330.1,1,HS,312,15.38,2,50,computed
AT3G10340,AT3G10340.1,1,both,707,6.22,1,0,computed
AT3G10940,AT3G10940.1,1,HS,282,0.71,1,0,computed
AT3G11200,AT3G11200.1,1,HS,246,39.84,3,100,computed
AT3G11270,AT3G11270.1,0,depleted,310,8.06,1,0,computed
AT3G11500,AT3G11500.2,1,HS,79,21.52,2,50,computed
AT3G11510,AT3G11510.1,1,HS,150,52.0,3,100,computed
AT3G11600,AT3G11600.1,0,depleted,117,48.72,3,100,computed
AT3G11930,AT3G11930.3,1,both,226,31.42,3,100,computed
AT3G11945,AT3G11945.2,1,NS,393,0.0,1,0,computed
AT3G12250,AT3G12250.4,0,depleted,355,58.59,3,100,computed
AT3G12685,AT3G12685.1,1,NS,213,3.76,1,0,computed
AT3G13060,AT3G13060.1,1,HS,551,64.97,3,100,computed
AT3G13275,AT3G13275.1,0,depleted,69,91.3,3,100,computed
AT3G13710,AT3G13710.1,0,depleted,188,47.87,3,100,computed
AT3G13800,AT3G13800.1,0,depleted,361,0.0,1,0,computed
AT3G13860,AT3G13860.1,1,NS,572,8.39,1,0,computed
AT3G14010,AT3G14010.5,1,HS,603,75.95,3,100,computed
AT3G14415,AT3G14415.2,1,HS,373,0.0,1,0,computed
AT3G14680,AT3G14680.1,0,depleted,512,0.39,1,0,computed
AT3G14930,AT3G14930.2,1,HS,418,1.67,1,0,computed
AT3G14940,AT3G14940.1,0,depleted,968,4.24,1,0,computed
AT3G14990,AT3G14990.1,1,both,392,0.0,1,0,computed
AT3G15090,AT3G15090.1,0,depleted,366,0.0,1,0,computed
AT3G15180,AT3G15180.2,1,HS,551,5.99,1,0,computed
AT3G15220,AT3G15220.1,1,HS,690,47.25,3,100,computed
AT3G15260,AT3G15260.1,1,NS,289,7.27,1,0,computed
AT3G15290,AT3G15290.1,1,both,294,0.0,1,0,computed
AT3G15500,AT3G15500.1,0,depleted,317,44.48,3,100,computed
AT3G15610,AT3G15610.1,1,both,341,19.94,2,50,computed
AT3G15660,AT3G15660.1,1,NS,169,37.87,3,100,computed
AT3G15810,AT3G15810.1,1,HS,220,5.91,1,0,computed
AT3G16020,AT3G16020.1,0,depleted,98,0.0,1,0,computed
AT3G16190,AT3G16190.1,1,HS,196,0.0,1,0,computed
AT3G16270,AT3G16270.2,1,HS,690,65.36,3,100,computed
AT3G16470,AT3G16470.1,1,HS,451,4.43,1,0,computed
AT3G16670,AT3G16670.1,0,depleted,154,0.0,1,0,computed
AT3G16750,AT3G16750.2,0,depleted,194,42.78,3,100,computed
AT3G16950,AT3G16950.2,1,HS,623,11.72,2,50,computed
AT3G17520,AT3G17520.1,0,depleted,298,97.99,3,100,computed
AT3G17668,AT3G17668.1,0,depleted,135,20.0,2,50,computed
AT3G17790,AT3G17790.1,1,HS,338,0.89,1,0,computed
AT3G17860,AT3G17860.1,0,depleted,352,63.07,3,100,computed
AT3G18190,AT3G18190.1,1,HS,536,3.92,1,0,computed
AT3G18280,AT3G18280.2,1,NS,120,22.5,2,50,computed
AT3G18500,AT3G18500.3,1,NS,449,14.25,2,50,computed
AT3G18760,AT3G18760.1,0,depleted,139,24.46,2,50,computed
AT3G18870,AT3G18870.1,0,depleted,274,8.39,1,0,computed
AT3G19220,AT3G19220.1,0,depleted,187,18.18,2,50,computed
AT3G19290,AT3G19290.3,1,HS,432,100.0,3,100,computed
AT3G19330,AT3G19330.1,0,depleted,382,11.52,2,50,computed
AT3G19390,AT3G19390.1,0,depleted,452,9.07,1,0,computed
AT3G19660,AT3G19660.1,0,depleted,64,0.0,1,0,computed
AT3G19720,AT3G19720.1,1,HS,777,2.45,1,0,computed
AT3G19770,AT3G19770.1,1,HS,520,45.38,3,100,computed
AT3G19900,AT3G19900.2,1,NS,169,22.49,2,50,computed
AT3G20362,AT3G20362.1,0,depleted,47,4.26,1,0,computed
AT3G20810,AT3G20810.5,1,NS,335,7.46,1,0,computed
AT3G21090,AT3G21090.1,1,HS,691,13.31,2,50,computed
AT3G21200,AT3G21200.1,1,HS,317,3.15,1,0,computed
AT3G21230,AT3G21230.4,1,NS,446,5.38,1,0,computed
AT3G21352,AT3G21352.1,0,depleted,74,14.86,2,50,computed
AT3G21720,AT3G21720.1,0,depleted,576,11.81,2,50,computed
AT3G21790,AT3G21790.1,0,depleted,495,0.0,1,0,computed
AT3G22231,AT3G22231.1,1,NS,81,95.06,3,100,computed
AT3G22270,AT3G22270.1,1,HS,782,55.88,3,100,computed
AT3G22330,AT3G22330.1,1,NS,616,23.86,2,50,computed
AT3G22570,AT3G22570.1,0,depleted,111,6.31,1,0,computed
AT3G22660,AT3G22660.1,1,NS,293,86.69,3,100,computed
AT3G22890,AT3G22890.1,1,both,463,0.22,1,0,computed
AT3G23440,AT3G23440.1,0,depleted,108,33.33,3,100,computed
AT3G23540,AT3G23540.1,1,HS,566,45.76,3,100,computed
AT3G23570,AT3G23570.2,1,NS,239,12.13,2,50,computed
AT3G23640,AT3G23640.3,1,HS,1060,0.85,1,0,computed
AT3G23760,AT3G23760.1,0,depleted,194,5.15,1,0,computed
AT3G23890,AT3G23890.1,1,NS,1473,21.72,2,50,computed
AT3G24010,AT3G24010.1,0,depleted,234,59.83,3,100,computed
AT3G24030,AT3G24030.1,0,depleted,276,6.88,1,0,computed
AT3G24100,AT3G24100.1,1,HS,69,100.0,3,100,computed
AT3G24820,AT3G24820.1,0,depleted,186,70.97,3,100,computed
AT3G25110,AT3G25110.1,1,NS,362,15.19,2,50,computed
AT3G25580,AT3G25580.1,1,NS,210,24.29,2,50,computed
AT3G25700,AT3G25700.1,1,HS,452,2.65,1,0,computed
AT3G25760,AT3G25760.1,1,NS,254,42.13,3,100,computed
AT3G25930,AT3G25930.1,0,depleted,154,0.0,1,0,computed
AT3G26400,AT3G26400.1,1,HS,532,100.0,3,100,computed
AT3G26420,AT3G26420.1,1,HS,245,71.84,3,100,computed
AT3G26600,AT3G26600.1,1,HS,615,8.46,1,0,computed
AT3G26618,AT3G26618.1,1,HS,435,2.07,1,0,computed
AT3G26740,AT3G26740.1,1,HS,141,7.8,1,0,computed
AT3G27027,AT3G27027.1,0,depleted,69,46.38,3,100,computed
AT3G27270,AT3G27270.2,0,depleted,272,15.07,2,50,computed
AT3G27310,AT3G27310.1,1,NS,251,47.81,3,100,computed
AT3G27460,AT3G27460.4,0,depleted,272,51.1,3,100,computed
AT3G28370,AT3G28370.5,0,depleted,295,35.25,3,100,computed
AT3G28550,AT3G28550.1,0,depleted,1024,98.05,3,100,computed
AT3G28860,AT3G28860.1,1,HS,1252,2.4,1,0,computed
AT3G28920,AT3G28920.1,1,HS,312,88.78,3,100,computed
AT3G29633,AT3G29633.1,0,depleted,31,100.0,3,100,computed
AT3G32930,AT3G32930.1,1,HS,249,0.8,1,0,computed
AT3G42170,AT3G42170.1,1,HS,696,14.94,2,50,computed
AT3G42790,AT3G42790.1,1,HS,250,41.6,3,100,computed
AT3G43240,AT3G43240.1,1,both,747,15.39,2,50,computed
AT3G43270,AT3G43270.1,1,HS,527,8.16,1,0,computed
AT3G43850,AT3G43850.1,0,depleted,270,61.48,3,100,computed
AT3G43960,AT3G43960.1,0,depleted,376,9.31,1,0,computed
AT3G44260,AT3G44260.1,0,depleted,280,0.71,1,0,computed
AT3G44320,AT3G44320.1,0,depleted,346,13.01,2,50,computed
AT3G44326,AT3G44326.1,0,depleted,363,25.07,2,50,computed
AT3G44370,AT3G44370.1,0,depleted,566,4.59,1,0,computed
AT3G44620,AT3G44620.2,1,HS,262,0.76,1,0,computed
AT3G44680,AT3G44680.1,0,depleted,426,11.74,2,50,computed
AT3G44720,AT3G44720.1,1,both,424,1.42,1,0,computed
AT3G45020,AT3G45020.2,0,depleted,133,11.28,2,50,computed
AT3G45640,AT3G45640.1,1,HS,370,2.43,1,0,computed
AT3G46040,AT3G46040.1,1,HS,130,0.0,1,0,computed
AT3G46090,AT3G46090.1,0,depleted,168,0.0,1,0,computed
AT3G46100,AT3G46100.1,1,NS,486,0.0,1,0,computed
AT3G46510,AT3G46510.1,1,HS,660,17.42,2,50,computed
AT3G46540,AT3G46540.1,1,NS,307,42.02,3,100,computed
AT3G46560,AT3G46560.1,0,depleted,93,12.9,2,50,computed
AT3G46870,AT3G46870.2,0,depleted,269,0.37,1,0,computed
AT3G47120,AT3G47120.1,0,depleted,352,74.15,3,100,computed
AT3G47620,AT3G47620.1,1,NS,489,83.84,3,100,computed
AT3G47675,AT3G47675.1,0,depleted,96,30.21,3,100,computed
AT3G47820,AT3G47820.1,1,HS,531,40.49,3,100,computed
AT3G47836,AT3G47836.1,0,depleted,64,70.31,3,100,computed
AT3G47980,AT3G47980.1,0,depleted,252,3.17,1,0,computed
AT3G48030,AT3G48030.1,0,depleted,349,11.17,2,50,computed
AT3G48330,AT3G48330.4,1,HS,283,1.06,1,0,computed
AT3G48520,AT3G48520.1,0,depleted,506,7.71,1,0,computed
AT3G48720,AT3G48720.1,1,HS,430,0.0,1,0,computed
AT3G48930,AT3G48930.1,1,HS,160,11.25,2,50,computed
AT3G49100,AT3G49100.2,1,HS,103,27.18,2,50,computed
AT3G49550,AT3G49550.1,0,depleted,147,38.1,3,100,computed
AT3G49850,AT3G49850.2,0,depleted,295,44.07,3,100,computed
AT3G49910,AT3G49910.1,1,HS,146,71.92,3,100,computed
AT3G49990,AT3G49990.1,1,HS,502,82.67,3,100,computed
AT3G50440,AT3G50440.1,1,NS,275,5.45,1,0,computed
AT3G50920,AT3G50920.1,0,depleted,279,7.89,1,0,computed
AT3G50930,AT3G50930.1,1,HS,576,15.28,2,50,computed
AT3G50970,AT3G50970.1,1,both,193,100.0,3,100,computed
AT3G51420,AT3G51420.1,1,HS,370,6.22,1,0,computed
AT3G51660,AT3G51660.1,1,both,112,0.0,1,0,computed
AT3G51860,AT3G51860.2,0,depleted,468,14.53,2,50,computed
AT3G51970,AT3G51970.1,0,depleted,345,11.88,2,50,computed
AT3G52040,AT3G52040.1,1,NS,90,100.0,3,100,computed
AT3G52070,AT3G52070.1,0,depleted,114,54.39,3,100,computed
AT3G52100,AT3G52100.1,1,HS,696,41.52,3,100,computed
AT3G52130,AT3G52130.1,0,depleted,124,0.0,1,0,computed
AT3G52190,AT3G52190.1,0,depleted,398,18.59,2,50,computed
AT3G52430,AT3G52430.1,1,NS,541,0.0,1,0,computed
AT3G52500,AT3G52500.1,1,HS,469,8.74,1,0,computed
AT3G52561,AT3G52561.1,0,depleted,99,62.63,3,100,computed
AT3G52580,AT3G52580.1,1,HS,150,50.0,3,100,computed
AT3G52590,AT3G52590.1,1,HS,128,1.56,1,0,computed
AT3G52720,AT3G52720.4,1,both,284,20.77,2,50,computed
AT3G52920,AT3G52920.1,1,NS,180,100.0,3,100,computed
AT3G53020,AT3G53020.1,1,HS,163,50.31,3,100,computed
AT3G53040,AT3G53040.1,0,depleted,479,100.0,3,100,computed
AT3G53120,AT3G53120.1,1,both,217,23.04,2,50,computed
AT3G53220,AT3G53220.1,0,depleted,126,24.6,2,50,computed
AT3G53480,AT3G53480.1,0,depleted,1450,5.93,1,0,computed
AT3G53490,AT3G53490.1,0,depleted,225,26.22,2,50,computed
AT3G53560,AT3G53560.2,1,NS,388,8.76,1,0,computed
AT3G54230,AT3G54230.2,1,HS,1008,79.66,3,100,computed
AT3G54400,AT3G54400.1,1,both,425,0.0,1,0,computed
AT3G54470,AT3G54470.1,1,HS,476,1.05,1,0,computed
AT3G54540,AT3G54540.1,1,HS,723,34.44,3,100,computed
AT3G54560,AT3G54560.1,1,NS,136,26.47,2,50,computed
AT3G54580,AT3G54580.1,0,depleted,957,98.75,3,100,computed
AT3G54590,AT3G54590.3,0,depleted,743,97.98,3,100,computed
AT3G54600,AT3G54600.1,1,NS,399,0.0,1,0,computed
AT3G54900,AT3G54900.1,1,HS,173,0.0,1,0,computed
AT3G54940,AT3G54940.2,0,depleted,367,3.54,1,0,computed
AT3G55005,AT3G55005.1,1,HS,257,46.69,3,100,computed
AT3G55010,AT3G55010.2,1,NS,389,7.46,1,0,computed
AT3G55120,AT3G55120.1,0,depleted,246,15.04,2,50,computed
AT3G55250,AT3G55250.1,1,HS,277,7.58,1,0,computed
AT3G55280,AT3G55280.1,1,HS,154,27.27,2,50,computed
AT3G55330,AT3G55330.1,1,HS,230,0.0,1,0,computed
AT3G55610,AT3G55610.1,1,HS,726,0.0,1,0,computed
AT3G55970,AT3G55970.1,1,HS,363,12.95,2,50,computed
AT3G56020,AT3G56020.1,0,depleted,25,0.0,1,0,skipped_qc_fail
AT3G56070,AT3G56070.1,0,depleted,176,11.93,2,50,computed
AT3G56210,AT3G56210.5,0,depleted,193,9.33,1,0,computed
AT3G56240,AT3G56240.1,1,both,121,66.94,3,100,computed
AT3G56460,AT3G56460.1,1,HS,348,10.63,2,50,computed
AT3G56490,AT3G56490.1,0,depleted,147,0.0,1,0,computed
AT3G56740,AT3G56740.1,0,depleted,293,31.06,3,100,computed
AT3G56820,AT3G56820.1,0,depleted,220,28.18,2,50,computed
AT3G57050,AT3G57050.1,1,HS,464,0.0,1,0,computed
AT3G57090,AT3G57090.2,0,depleted,170,0.0,1,0,computed
AT3G57870,AT3G57870.1,1,HS,160,16.88,2,50,computed
AT3G58000,AT3G58000.1,0,depleted,175,37.14,3,100,computed
AT3G58600,AT3G58600.1,1,HS,302,51.99,3,100,computed
AT3G58720,AT3G58720.3,0,depleted,317,77.92,3,100,computed
AT3G58990,AT3G58990.1,1,NS,253,0.0,1,0,computed
AT3G59340,AT3G59340.2,0,depleted,360,16.94,2,50,computed
AT3G59400,AT3G59400.1,1,both,265,10.94,2,50,computed
AT3G59540,AT3G59540.1,1,HS,69,0.0,1,0,computed
AT3G59600,AT3G59600.1,1,NS,146,0.0,1,0,computed
AT3G59840,AT3G59840.1,1,HS,97,55.67,3,100,computed
AT3G59870,AT3G59870.1,1,both,288,30.9,3,100,computed
AT3G60210,AT3G60210.1,1,NS,138,0.0,1,0,computed
AT3G60250,AT3G60250.1,1,HS,276,31.88,3,100,computed
AT3G60370,AT3G60370.2,1,HS,271,1.85,1,0,computed
AT3G60450,AT3G60450.2,1,both,306,5.88,1,0,computed
AT3G60910,AT3G60910.1,1,HS,252,0.79,1,0,computed
AT3G61140,AT3G61140.1,1,HS,441,7.03,1,0,computed
AT3G61190,AT3G61190.2,0,depleted,192,0.0,1,0,computed
AT3G61370,AT3G61370.2,1,NS,127,100.0,3,100,computed
AT3G61710,AT3G61710.1,1,HS,517,33.27,3,100,computed
AT3G61930,AT3G61930.1,0,depleted,109,46.79,3,100,computed
AT3G61962,AT3G61962.1,0,depleted,41,0.0,1,0,computed
AT3G62250,AT3G62250.1,1,HS,157,0.0,1,0,computed
AT3G62260,AT3G62260.2,0,depleted,384,0.0,1,0,computed
AT3G62270,AT3G62270.1,0,depleted,703,8.96,1,0,computed
AT3G62310,AT3G62310.2,1,HS,573,6.81,1,0,computed
AT3G62410,AT3G62410.1,1,HS,131,52.67,3,100,computed
AT3G62650,AT3G62650.2,1,HS,152,24.34,2,50,computed
AT3G62680,AT3G62680.1,0,depleted,313,56.87,3,100,computed
AT3G62810,AT3G62810.1,0,depleted,106,25.47,2,50,computed
AT3G62820,AT3G62820.1,1,HS,194,0.0,1,0,computed
AT3G62920,AT3G62920.1,0,depleted,80,0.0,1,0,computed
AT3G63052,AT3G63052.1,0,depleted,66,21.21,2,50,computed
AT3G63080,AT3G63080.1,1,HS,173,8.67,1,0,computed
AT3G63130,AT3G63130.1,1,HS,535,14.58,2,50,computed
AT3G63170,AT3G63170.1,1,HS,279,0.0,1,0,computed
AT3G63250,AT3G63250.1,1,HS,333,0.0,1,0,computed
AT2G01300,AT2G01300.1,0,depleted,156,4.49,1,0,computed
AT2G01400,AT2G01400.1,0,depleted,146,51.37,3,100,computed
AT2G01430,AT2G01430.1,0,depleted,275,63.64,3,100,computed
AT2G01530,AT2G01530.1,0,depleted,151,2.65,1,0,computed
AT2G01640,AT2G01640.1,0,depleted,156,41.67,3,100,computed
AT2G01650,AT2G01650.2,1,HS,458,33.41,3,100,computed
AT2G01870,AT2G01870.1,1,NS,157,61.15,3,100,computed
AT2G02570,AT2G02570.2,1,HS,300,91.67,3,100,computed
AT2G02990,AT2G02990.1,0,depleted,230,1.74,1,0,computed
AT2G03020,AT2G03020.1,0,depleted,255,23.92,2,50,computed
AT2G03070,AT2G03070.1,1,HS,524,75.95,3,100,computed
AT2G03440,AT2G03440.1,1,HS,187,100.0,3,100,computed
AT2G03510,AT2G03510.1,1,HS,356,10.96,2,50,computed
AT2G03810,AT2G03810.4,0,depleted,439,74.72,3,100,computed
AT2G03870,AT2G03870.2,1,both,99,2.02,1,0,computed
AT2G04039,AT2G04039.2,1,HS,165,0.0,1,0,computed
AT2G04050,AT2G04050.1,0,depleted,476,3.36,1,0,computed
AT2G04550,AT2G04550.1,0,depleted,257,26.46,2,50,computed
AT2G04690,AT2G04690.5,1,HS,230,14.78,2,50,computed
AT2G04700,AT2G04700.1,1,both,146,0.68,1,0,computed
AT2G04880,AT2G04880.1,1,HS,487,74.33,3,100,computed
AT2G05070,AT2G05070.1,1,HS,265,21.89,2,50,computed
AT2G05100,AT2G05100.2,1,HS,317,30.91,3,100,computed
AT2G05830,AT2G05830.1,1,NS,374,0.27,1,0,computed
AT2G05990,AT2G05990.1,1,HS,390,0.0,1,0,computed
AT2G06050,AT2G06050.1,1,HS,391,5.88,1,0,computed
AT2G06255,AT2G06255.1,0,depleted,109,29.36,2,50,computed
AT2G06530,AT2G06530.1,0,depleted,225,87.11,3,100,computed
AT2G07180,AT2G07180.1,1,HS,442,27.15,2,50,computed
AT2G07771,AT2G07771.2,0,depleted,256,2.34,1,0,computed
AT2G07773,AT2G07773.1,0,depleted,273,39.56,3,100,computed
AT2G07776,AT2G07776.2,0,depleted,109,34.86,3,100,computed
AT2G07749,AT2G07749.1,0,depleted,246,6.91,1,0,computed
AT2G07777,AT2G07777.1,0,depleted,262,30.15,3,100,computed
AT2G07671,AT2G07671.1,0,depleted,85,21.18,2,50,computed
AT2G07779,AT2G07779.1,0,depleted,91,17.58,2,50,computed
AT2G07672,AT2G07672.1,0,depleted,159,16.35,2,50,computed
AT2G07684,AT2G07684.1,0,depleted,36,100.0,3,100,computed
AT2G07673,AT2G07673.1,0,depleted,106,64.15,3,100,computed
AT2G07674,AT2G07674.2,0,depleted,324,54.01,3,100,computed
AT2G07751,AT2G07751.1,0,depleted,118,21.19,2,50,computed
AT2G07675,AT2G07675.1,0,depleted,125,100.0,3,100,computed
AT2G07676,AT2G07676.1,0,depleted,118,0.0,1,0,computed
AT2G07768,AT2G07768.1,0,depleted,154,5.84,1,0,computed
AT2G07669,AT2G07669.1,0,depleted,109,0.0,1,0,computed
AT2G07681,AT2G07681.1,0,depleted,736,28.53,2,50,computed
AT2G07772,AT2G07772.1,0,depleted,179,24.02,2,50,computed
AT2G07774,AT2G07774.1,0,depleted,116,0.0,1,0,computed
AT2G07687,AT2G07687.1,0,depleted,265,14.34,2,50,computed
AT2G07689,AT2G07689.1,0,depleted,214,12.15,2,50,computed
AT2G07691,AT2G07691.1,0,depleted,136,16.18,2,50,computed
AT2G07692,AT2G07692.1,0,depleted,136,8.09,1,0,computed
AT2G07695,AT2G07695.1,0,depleted,291,16.49,2,50,computed
AT2G07785,AT2G07785.1,0,depleted,99,8.08,1,0,computed
AT2G07599,AT2G07599.2,0,depleted,346,40.46,3,100,computed
AT2G07696,AT2G07696.1,0,depleted,148,0.0,1,0,computed
AT2G07798,AT2G07798.1,0,depleted,311,8.04,1,0,computed
AT2G07698,AT2G07698.1,0,depleted,777,19.69,2,50,computed
AT2G07667,AT2G07667.1,0,depleted,218,5.5,1,0,computed
AT2G07701,AT2G07701.1,0,depleted,106,63.21,3,100,computed
AT2G07702,AT2G07702.1,0,depleted,152,0.0,1,0,computed
AT2G07705,AT2G07705.1,0,depleted,66,0.0,1,0,computed
AT2G07706,AT2G07706.1,0,depleted,504,46.03,3,100,computed
AT2G07707,AT2G07707.1,0,depleted,158,20.25,2,50,computed
AT2G07708,AT2G07708.1,0,depleted,141,23.4,2,50,computed
AT2G07713,AT2G07713.1,0,depleted,122,3.28,1,0,computed
AT2G07714,AT2G07714.1,0,depleted,196,0.0,1,0,computed
AT2G07715,AT2G07715.1,0,depleted,389,36.5,3,100,computed
AT2G07718,AT2G07718.1,0,depleted,313,27.8,2,50,computed
AT2G07719,AT2G07719.1,0,depleted,161,12.42,2,50,computed
AT2G07721,AT2G07721.1,0,depleted,132,28.79,2,50,computed
AT2G07722,AT2G07722.1,0,depleted,139,45.32,3,100,computed
AT2G07815,AT2G07815.1,0,depleted,279,20.07,2,50,computed
AT2G07724,AT2G07724.1,0,depleted,107,0.0,1,0,computed
AT2G07725,AT2G07725.1,0,depleted,185,3.78,1,0,computed
AT2G07727,AT2G07727.1,0,depleted,393,15.52,2,50,computed
AT2G07728,AT2G07728.1,0,depleted,286,47.2,3,100,computed
AT2G07732,AT2G07732.1,0,depleted,116,0.0,1,0,computed
AT2G07734,AT2G07734.1,0,depleted,362,8.29,1,0,computed
AT2G07825,AT2G07825.1,0,depleted,65,0.0,1,0,computed
AT2G07827,AT2G07827.2,0,depleted,179,19.55,2,50,computed
AT2G07830,AT2G07830.1,0,depleted,40,0.0,1,0,computed
AT2G07787,AT2G07787.1,0,depleted,105,0.0,1,0,computed
AT2G07806,AT2G07806.2,0,depleted,213,1.41,1,0,computed
AT2G07738,AT2G07738.1,0,depleted,88,32.95,3,100,computed
AT2G07795,AT2G07795.1,0,depleted,109,16.51,2,50,computed
AT2G07739,AT2G07739.1,0,depleted,199,10.55,2,50,computed
AT2G07835,AT2G07835.1,0,depleted,128,40.62,3,100,computed
AT2G07741,AT2G07741.1,0,depleted,385,3.38,1,0,computed
AT2G11271,AT2G11271.1,0,depleted,41,0.0,1,0,computed
AT2G11778,AT2G11778.1,0,depleted,55,29.09,2,50,computed
AT2G12461,AT2G12461.1,0,depleted,44,0.0,1,0,computed
AT2G12905,AT2G12905.1,0,depleted,72,0.0,1,0,computed
AT2G13540,AT2G13540.1,1,HS,848,13.21,2,50,computed
AT2G14750,AT2G14750.1,1,NS,276,11.23,2,50,computed
AT2G16586,AT2G16586.1,0,depleted,53,37.74,3,100,computed
AT2G16790,AT2G16790.3,0,depleted,194,0.0,1,0,computed
AT2G17700,AT2G17700.1,1,HS,546,15.93,2,50,computed
AT2G17790,AT2G17790.1,1,HS,787,1.14,1,0,computed
AT2G17870,AT2G17870.1,1,HS,301,88.7,3,100,computed
AT2G18050,AT2G18050.1,0,depleted,167,60.48,3,100,computed
AT2G18245,AT2G18245.1,0,depleted,398,5.53,1,0,computed
AT2G18410,AT2G18410.2,1,HS,306,1.96,1,0,computed
AT2G18890,AT2G18890.1,0,depleted,392,13.27,2,50,computed
AT2G18969,AT2G18969.1,0,depleted,175,58.86,3,100,computed
AT2G18980,AT2G18980.1,0,depleted,323,2.48,1,0,computed
AT2G19060,AT2G19060.1,0,depleted,349,0.0,1,0,computed
AT2G19350,AT2G19350.1,0,depleted,103,30.1,3,100,computed
AT2G19385,AT2G19385.1,1,NS,275,62.55,3,100,computed
AT2G19520,AT2G19520.1,1,HS,507,24.85,2,50,computed
AT2G20340,AT2G20340.1,1,NS,490,2.04,1,0,computed
AT2G20450,AT2G20450.1,1,HS,134,0.0,1,0,computed
AT2G20495,AT2G20495.3,0,depleted,304,22.37,2,50,computed
AT2G20550,AT2G20550.2,1,HS,284,45.42,3,100,computed
AT2G20610,AT2G20610.1,1,NS,462,7.36,1,0,computed
AT2G20690,AT2G20690.1,1,HS,271,0.0,1,0,computed
AT2G20750,AT2G20750.2,1,both,220,1.82,1,0,computed
AT2G21060,AT2G21060.1,1,HS,201,100.0,3,100,computed
AT2G21270,AT2G21270.3,1,HS,340,42.35,3,100,computed
AT2G21280,AT2G21280.2,1,HS,362,0.0,1,0,computed
AT2G21860,AT2G21860.1,1,both,522,4.41,1,0,computed
AT2G22475,AT2G22475.1,1,HS,299,44.48,3,100,computed
AT2G22480,AT2G22480.1,1,HS,537,12.1,2,50,computed
AT2G22790,AT2G22790.1,0,depleted,325,24.92,2,50,computed
AT2G23360,AT2G23360.1,1,NS,898,58.02,3,100,computed
AT2G23600,AT2G23600.2,1,HS,278,6.47,1,0,computed
AT2G23610,AT2G23610.1,1,NS,263,0.0,1,0,computed
AT2G23670,AT2G23670.1,0,depleted,167,1.2,1,0,computed
AT2G23930,AT2G23930.1,0,depleted,80,36.25,3,100,computed
AT2G23970,AT2G23970.1,0,depleted,251,0.0,1,0,computed
AT2G24395,AT2G24395.1,0,depleted,132,6.06,1,0,computed
AT2G24860,AT2G24860.1,0,depleted,144,0.69,1,0,computed
AT2G25210,AT2G25210.1,0,depleted,44,0.0,1,0,computed
AT2G25670,AT2G25670.2,1,NS,318,100.0,3,100,computed
AT2G26060,AT2G26060.1,1,HS,352,0.57,1,0,computed
AT2G26080,AT2G26080.1,1,HS,1044,12.36,2,50,computed
AT2G26110,AT2G26110.1,1,both,309,92.88,3,100,computed
AT2G26210,AT2G26210.4,1,HS,190,46.84,3,100,computed
AT2G26340,AT2G26340.2,1,HS,264,1.14,1,0,computed
AT2G26430,AT2G26430.3,1,HS,361,44.6,3,100,computed
AT2G26460,AT2G26460.1,1,NS,585,81.37,3,100,computed
AT2G26990,AT2G26990.1,1,NS,439,11.62,2,50,computed
AT2G27040,AT2G27040.1,1,HS,924,13.64,2,50,computed
AT2G27285,AT2G27285.1,1,NS,323,98.76,3,100,computed
AT2G27389,AT2G27389.1,0,depleted,186,77.42,3,100,computed
AT2G27930,AT2G27930.5,0,depleted,192,40.62,3,100,computed
AT2G27960,AT2G27960.1,1,HS,87,1.15,1,0,computed
AT2G28290,AT2G28290.5,1,HS,3575,75.94,3,100,computed
AT2G28390,AT2G28390.1,1,HS,607,38.06,3,100,computed
AT2G28430,AT2G28430.1,1,NS,85,0.0,1,0,computed
AT2G28510,AT2G28510.1,0,depleted,288,57.29,3,100,computed
AT2G28950,AT2G28950.1,1,HS,257,0.0,1,0,computed
AT2G29200,AT2G29200.1,1,HS,968,57.95,3,100,computed
AT2G29320,AT2G29320.2,1,NS,251,0.0,1,0,computed
AT2G29540,AT2G29540.3,0,depleted,139,33.81,3,100,computed
AT2G29560,AT2G29560.1,1,HS,475,0.0,1,0,computed
AT2G29700,AT2G29700.1,1,HS,145,7.59,1,0,computed
AT2G29995,AT2G29995.1,0,depleted,71,95.77,3,100,computed
AT2G30020,AT2G30020.1,0,depleted,396,27.78,2,50,computed
AT2G30050,AT2G30050.1,1,HS,302,3.31,1,0,computed
AT2G30150,AT2G30150.2,1,HS,456,1.97,1,0,computed
AT2G30390,AT2G30390.2,1,HS,522,6.7,1,0,computed
AT2G30410,AT2G30410.1,1,both,113,80.53,3,100,computed
AT2G30620,AT2G30620.1,1,HS,273,76.92,3,100,computed
AT2G30695,AT2G30695.2,0,depleted,199,0.0,1,0,computed
AT2G30860,AT2G30860.1,1,both,215,0.0,1,0,computed
AT2G31040,AT2G31040.1,1,HS,350,66.86,3,100,computed
AT2G31380,AT2G31380.1,0,depleted,238,41.18,3,100,computed
AT2G31610,AT2G31610.1,1,HS,250,2.4,1,0,computed
AT2G31710,AT2G31710.1,0,depleted,105,48.57,3,100,computed
AT2G31725,AT2G31725.1,1,NS,149,0.0,1,0,computed
AT2G31730,AT2G31730.1,0,depleted,153,18.3,2,50,computed
AT2G31790,AT2G31790.1,1,HS,457,0.0,1,0,computed
AT2G32060,AT2G32060.2,1,HS,144,2.08,1,0,computed
AT2G32200,AT2G32200.2,0,depleted,109,43.12,3,100,computed
AT2G32240,AT2G32240.1,1,HS,1333,96.77,3,100,computed
AT2G32460,AT2G32460.1,0,depleted,490,44.29,3,100,computed
AT2G32500,AT2G32500.1,1,HS,221,0.0,1,0,computed
AT2G32520,AT2G32520.2,1,NS,317,0.0,1,0,computed
AT2G32650,AT2G32650.2,0,depleted,139,0.0,1,0,computed
AT2G32700,AT2G32700.7,1,HS,806,53.72,3,100,computed
AT2G32810,AT2G32810.1,1,HS,887,0.9,1,0,computed
AT2G32840,AT2G32840.1,0,depleted,337,64.09,3,100,computed
AT2G33120,AT2G33120.2,1,HS,229,25.76,2,50,computed
AT2G33250,AT2G33250.1,0,depleted,299,53.18,3,100,computed
AT2G33255,AT2G33255.1,1,HS,245,0.0,1,0,computed
AT2G33380,AT2G33380.1,1,HS,236,40.25,3,100,computed
AT2G33410,AT2G33410.1,1,NS,404,79.21,3,100,computed
AT2G33480,AT2G33480.1,0,depleted,268,21.27,2,50,computed
AT2G33800,AT2G33800.1,1,HS,303,4.95,1,0,computed
AT2G33830,AT2G33830.2,1,HS,108,100.0,3,100,computed
AT2G34070,AT2G34070.1,1,HS,385,4.94,1,0,computed
AT2G34460,AT2G34460.1,1,HS,280,3.57,1,0,computed
AT2G34470,AT2G34470.2,1,NS,276,26.45,2,50,computed
AT2G34480,AT2G34480.2,1,HS,217,0.0,1,0,computed
AT2G34600,AT2G34600.1,0,depleted,148,16.22,2,50,computed
AT2G34620,AT2G34620.1,0,depleted,303,2.97,1,0,computed
AT2G35230,AT2G35230.1,1,HS,402,100.0,3,100,computed
AT2G35240,AT2G35240.1,1,HS,232,23.71,2,50,computed
AT2G35290,AT2G35290.1,0,depleted,121,0.0,1,0,computed
AT2G35300,AT2G35300.1,0,depleted,97,100.0,3,100,computed
AT2G35370,AT2G35370.1,1,HS,165,9.7,1,0,computed
AT2G35390,AT2G35390.4,1,NS,352,5.97,1,0,computed
AT2G35530,AT2G35530.1,1,HS,409,100.0,3,100,computed
AT2G35605,AT2G35605.1,1,both,109,0.0,1,0,computed
AT2G35690,AT2G35690.1,1,HS,664,0.15,1,0,computed
AT2G35750,AT2G35750.1,0,depleted,61,0.0,1,0,computed
AT2G35810,AT2G35810.1,1,HS,199,1.01,1,0,computed
AT2G35820,AT2G35820.2,1,NS,282,11.35,2,50,computed
AT2G35860,AT2G35860.1,1,NS,445,18.88,2,50,computed
AT2G35940,AT2G35940.3,1,both,680,73.53,3,100,computed
AT2G36230,AT2G36230.1,1,NS,304,0.0,1,0,computed
AT2G36480,AT2G36480.1,1,HS,963,59.81,3,100,computed
AT2G36870,AT2G36870.1,1,NS,299,0.0,1,0,computed
AT2G36880,AT2G36880.1,1,HS,390,1.03,1,0,computed
AT2G36885,AT2G36885.1,0,depleted,256,1.17,1,0,computed
AT2G36895,AT2G36895.3,0,depleted,259,8.49,1,0,computed
AT2G37030,AT2G37030.1,0,depleted,124,0.0,1,0,computed
AT2G37040,AT2G37040.1,1,both,725,1.79,1,0,computed
AT2G37080,AT2G37080.2,1,HS,583,100.0,3,100,computed
AT2G37130,AT2G37130.1,0,depleted,327,3.98,1,0,computed
AT2G37240,AT2G37240.1,0,depleted,248,0.0,1,0,computed
AT2G37330,AT2G37330.1,0,depleted,273,1.47,1,0,computed
AT2G37470,AT2G37470.1,1,both,138,34.78,3,100,computed
AT2G37540,AT2G37540.1,1,NS,321,0.93,1,0,computed
AT2G37680,AT2G37680.2,1,both,244,35.25,3,100,computed
AT2G37750,AT2G37750.1,0,depleted,82,64.63,3,100,computed
AT2G38025,AT2G38025.1,0,depleted,234,3.42,1,0,computed
AT2G38410,AT2G38410.1,1,HS,671,67.66,3,100,computed
AT2G38465,AT2G38465.1,0,depleted,84,91.67,3,100,computed
AT2G38860,AT2G38860.2,1,both,398,0.0,1,0,computed
AT2G39050,AT2G39050.1,0,depleted,317,60.25,3,100,computed
AT2G39080,AT2G39080.1,1,HS,351,0.0,1,0,computed
AT2G39650,AT2G39650.1,0,depleted,291,20.27,2,50,computed
AT2G39700,AT2G39700.1,1,both,257,0.0,1,0,computed
AT2G39940,AT2G39940.1,1,HS,592,0.0,1,0,computed
AT2G40140,AT2G40140.1,1,HS,597,47.24,3,100,computed
AT2G40270,AT2G40270.1,0,depleted,489,27.81,2,50,computed
AT2G40430,AT2G40430.2,1,HS,449,56.79,3,100,computed
AT2G40630,AT2G40630.3,1,NS,389,68.89,3,100,computed
AT2G40880,AT2G40880.1,1,HS,125,10.4,2,50,computed
AT2G41020,AT2G41020.2,1,HS,382,69.11,3,100,computed
AT2G41090,AT2G41090.1,1,HS,191,1.05,1,0,computed
AT2G41100,AT2G41100.1,1,HS,324,33.64,3,100,computed
AT2G41380,AT2G41380.1,1,NS,269,0.0,1,0,computed
AT2G41430,AT2G41430.4,1,HS,163,49.08,3,100,computed
AT2G41680,AT2G41680.1,1,HS,529,16.64,2,50,computed
AT2G41760,AT2G41760.1,0,depleted,221,4.98,1,0,computed
AT2G41780,AT2G41780.1,0,depleted,127,94.49,3,100,computed
AT2G41850,AT2G41850.1,0,depleted,433,3.0,1,0,computed
AT2G41870,AT2G41870.1,1,HS,274,100.0,3,100,computed
AT2G41900,AT2G41900.1,1,both,716,57.4,3,100,computed
AT2G41990,AT2G41990.1,0,depleted,297,31.31,3,100,computed
AT2G42220,AT2G42220.1,1,HS,234,7.69,1,0,computed
AT2G42390,AT2G42390.1,0,depleted,212,18.87,2,50,computed
AT2G42690,AT2G42690.1,1,both,412,7.28,1,0,computed
AT2G42780,AT2G42780.1,0,depleted,293,48.46,3,100,computed
AT2G42790,AT2G42790.1,1,HS,509,5.89,1,0,computed
AT2G42880,AT2G42880.1,1,HS,606,25.41,2,50,computed
AT2G42900,AT2G42900.1,0,depleted,276,3.62,1,0,computed
AT2G43030,AT2G43030.1,1,HS,271,24.35,2,50,computed
AT2G43100,AT2G43100.1,1,both,256,0.0,1,0,computed
AT2G43510,AT2G43510.1,0,depleted,89,20.22,2,50,computed
AT2G43640,AT2G43640.1,1,NS,121,24.79,2,50,computed
AT2G43750,AT2G43750.1,1,HS,392,0.0,1,0,computed
AT2G43780,AT2G43780.4,0,depleted,93,15.05,2,50,computed
AT2G43940,AT2G43940.1,0,depleted,226,12.83,2,50,computed
AT2G43945,AT2G43945.1,1,HS,289,13.15,2,50,computed
AT2G44130,AT2G44130.1,0,depleted,409,8.8,1,0,computed
AT2G44200,AT2G44200.1,1,HS,493,100.0,3,100,computed
AT2G44290,AT2G44290.1,0,depleted,205,40.98,3,100,computed
AT2G44650,AT2G44650.1,1,NS,139,0.0,1,0,computed
AT2G44760,AT2G44760.1,1,HS,500,28.4,2,50,computed
AT2G44920,AT2G44920.2,0,depleted,224,0.0,1,0,computed
AT2G45060,AT2G45060.1,1,HS,272,28.31,2,50,computed
AT2G45140,AT2G45140.1,1,HS,239,57.74,3,100,computed
AT2G45220,AT2G45220.1,1,HS,511,8.22,1,0,computed
AT2G45260,AT2G45260.1,1,HS,425,9.88,1,0,computed
AT2G45300,AT2G45300.2,1,NS,520,5.77,1,0,computed
AT2G45470,AT2G45470.1,1,HS,420,24.52,2,50,computed
AT2G45540,AT2G45540.2,1,HS,3001,22.06,2,50,computed
AT2G46090,AT2G46090.1,1,both,364,0.0,1,0,computed
AT2G46225,AT2G46225.2,1,HS,329,12.46,2,50,computed
AT2G46230,AT2G46230.2,1,NS,181,0.55,1,0,computed
AT2G46650,AT2G46650.1,1,NS,132,25.0,2,50,computed
AT2G46910,AT2G46910.1,1,HS,284,0.0,1,0,computed
AT2G47380,AT2G47380.2,1,HS,64,0.0,1,0,computed
AT2G47485,AT2G47485.1,0,depleted,141,3.55,1,0,computed
AT2G47710,AT2G47710.1,1,NS,162,4.94,1,0,computed
AT2G47910,AT2G47910.1,1,HS,246,15.45,2,50,computed
AT4G00026,AT4G00026.1,0,depleted,269,21.93,2,50,computed
AT4G00100,AT4G00100.1,1,HS,151,9.93,1,0,computed
AT4G00230,AT4G00230.1,1,NS,749,0.0,1,0,computed
AT4G00342,AT4G00342.1,0,depleted,59,0.0,1,0,computed
AT4G00430,AT4G00430.2,1,HS,219,28.31,2,50,computed
AT4G00570,AT4G00570.1,1,HS,607,0.0,1,0,computed
AT4G00620,AT4G00620.1,0,depleted,360,0.0,1,0,computed
AT4G00860,AT4G00860.1,1,NS,80,8.75,1,0,computed
AT4G01070,AT4G01070.1,1,HS,480,2.5,1,0,computed
AT4G01090,AT4G01090.1,1,HS,714,73.67,3,100,computed
AT4G01480,AT4G01480.1,1,NS,216,15.28,2,50,computed
AT4G02080,AT4G02080.1,1,HS,193,6.74,1,0,computed
AT4G02530,AT4G02530.2,1,NS,266,0.0,1,0,computed
AT4G02980,AT4G02980.1,0,depleted,198,0.0,1,0,computed
AT4G03150,AT4G03150.1,1,HS,185,0.0,1,0,computed
AT4G03400,AT4G03400.1,1,HS,591,0.85,1,0,computed
AT4G03610,AT4G03610.4,0,depleted,318,2.2,1,0,computed
AT4G04610,AT4G04610.1,1,HS,465,0.22,1,0,computed
AT4G04614,AT4G04614.2,1,HS,176,100.0,3,100,computed
AT4G05000,AT4G05000.3,1,HS,210,0.48,1,0,computed
AT4G05440,AT4G05440.1,0,depleted,333,16.82,2,50,computed
AT4G05450,AT4G05450.1,0,depleted,197,0.0,1,0,computed
AT4G07390,AT4G07390.1,0,depleted,235,1.7,1,0,computed
AT4G08540,AT4G08540.1,1,HS,473,26.0,2,50,computed
AT4G09040,AT4G09040.1,1,HS,304,27.3,2,50,computed
AT4G09620,AT4G09620.2,1,HS,210,0.0,1,0,computed
AT4G09650,AT4G09650.1,1,HS,234,0.0,1,0,computed
AT4G09720,AT4G09720.3,0,depleted,217,0.92,1,0,computed
AT4G09840,AT4G09840.2,0,depleted,106,100.0,3,100,computed
AT4G10120,AT4G10120.3,1,HS,1050,12.1,2,50,computed
AT4G10300,AT4G10300.1,1,HS,134,1.49,1,0,computed
AT4G10610,AT4G10610.1,1,both,336,33.04,3,100,computed
AT4G10680,AT4G10680.1,0,depleted,182,0.0,1,0,computed
AT4G10970,AT4G10970.6,1,HS,281,71.53,3,100,computed
AT4G11280,AT4G11280.1,0,depleted,495,5.45,1,0,computed
AT4G11640,AT4G11640.1,1,HS,331,0.6,1,0,computed
AT4G11790,AT4G11790.1,1,HS,443,55.53,3,100,computed
AT4G11860,AT4G11860.1,1,HS,682,57.18,3,100,computed
AT4G12290,AT4G12290.1,0,depleted,741,20.11,2,50,computed
AT4G12390,AT4G12390.1,1,NS,206,4.85,1,0,computed
AT4G12440,AT4G12440.3,0,depleted,182,7.14,1,0,computed
AT4G12545,AT4G12545.1,0,depleted,108,2.78,1,0,computed
AT4G12550,AT4G12550.1,0,depleted,111,1.8,1,0,computed
AT4G12730,AT4G12730.1,1,HS,403,18.86,2,50,computed
AT4G13100,AT4G13100.2,0,depleted,265,44.91,3,100,computed
AT4G13390,AT4G13390.1,0,depleted,429,99.53,3,100,computed
AT4G13460,AT4G13460.2,1,HS,650,34.0,3,100,computed
AT4G13670,AT4G13670.2,1,HS,278,0.0,1,0,computed
AT4G13770,AT4G13770.1,1,NS,502,3.78,1,0,computed
AT4G13850,AT4G13850.1,1,HS,158,51.27,3,100,computed
AT4G13940,AT4G13940.1,1,HS,485,0.0,1,0,computed
AT4G14000,AT4G14000.1,1,NS,290,3.45,1,0,computed
AT4G14030,AT4G14030.1,1,HS,490,0.0,1,0,computed
AT4G14145,AT4G14145.1,0,depleted,134,67.91,3,100,computed
AT4G14160,AT4G14160.1,1,HS,773,0.26,1,0,computed
AT4G14340,AT4G14340.2,1,HS,364,19.51,2,50,computed
AT4G14342,AT4G14342.2,1,HS,101,0.99,1,0,computed
AT4G14440,AT4G14440.1,1,HS,238,0.0,1,0,computed
AT4G14520,AT4G14520.4,0,depleted,200,2.0,1,0,computed
AT4G14680,AT4G14680.2,1,HS,510,8.04,1,0,computed
AT4G14819,AT4G14819.1,0,depleted,104,19.23,2,50,computed
AT4G14990,AT4G14990.1,1,HS,787,53.37,3,100,computed
AT4G15230,AT4G15230.1,0,depleted,1400,3.21,1,0,computed
AT4G15390,AT4G15390.1,0,depleted,446,3.81,1,0,computed
AT4G15545,AT4G15545.1,1,HS,337,66.77,3,100,computed
AT4G15560,AT4G15560.1,1,HS,717,6.97,1,0,computed
AT4G15620,AT4G15620.1,0,depleted,190,16.32,2,50,computed
AT4G15630,AT4G15630.1,0,depleted,190,18.42,2,50,computed
AT4G15700,AT4G15700.1,0,depleted,102,0.0,1,0,computed
AT4G15790,AT4G15790.2,0,depleted,180,55.0,3,100,computed
AT4G15820,AT4G15820.1,1,HS,460,65.65,3,100,computed
AT4G15880,AT4G15880.1,1,NS,489,17.18,2,50,computed
AT4G16146,AT4G16146.1,0,depleted,102,30.39,3,100,computed
AT4G16265,AT4G16265.2,0,depleted,133,0.0,1,0,computed
AT4G16442,AT4G16442.1,0,depleted,182,10.99,2,50,computed
AT4G16566,AT4G16566.1,1,HS,173,4.62,1,0,computed
AT4G16720,AT4G16720.1,1,HS,204,27.45,2,50,computed
AT4G16790,AT4G16790.1,1,HS,473,92.6,3,100,computed
AT4G16950,AT4G16950.1,1,HS,1449,0.41,1,0,computed
AT4G17050,AT4G17050.1,1,HS,298,5.7,1,0,computed
AT4G17140,AT4G17140.1,1,HS,4216,4.39,1,0,computed
AT4G17650,AT4G17650.1,1,HS,256,0.39,1,0,computed
AT4G18030,AT4G18030.1,1,HS,621,14.98,2,50,computed
AT4G18372,AT4G18372.1,0,depleted,112,17.86,2,50,computed
AT4G18593,AT4G18593.2,0,depleted,142,26.76,2,50,computed
AT4G19100,AT4G19100.1,1,NS,214,58.41,3,100,computed
AT4G19170,AT4G19170.1,1,NS,595,16.13,2,50,computed
AT4G19230,AT4G19230.2,0,depleted,484,4.13,1,0,computed
AT4G19710,AT4G19710.2,1,HS,916,1.31,1,0,computed
AT4G19840,AT4G19840.1,1,HS,246,3.25,1,0,computed
AT4G19985,AT4G19985.4,0,depleted,269,0.0,1,0,computed
AT4G20720,AT4G20720.2,1,HS,619,85.3,3,100,computed
AT4G20980,AT4G20980.2,1,HS,591,42.98,3,100,computed
AT4G21190,AT4G21190.1,0,depleted,307,24.76,2,50,computed
AT4G21320,AT4G21320.1,1,NS,286,6.99,1,0,computed
AT4G21470,AT4G21470.1,1,HS,379,0.0,1,0,computed
AT4G21490,AT4G21490.1,0,depleted,580,0.0,1,0,computed
AT4G21865,AT4G21865.1,0,depleted,154,60.39,3,100,computed
AT4G21960,AT4G21960.1,1,HS,330,0.0,1,0,computed
AT4G21990,AT4G21990.1,1,both,458,0.0,1,0,computed
AT4G22150,AT4G22150.1,1,HS,302,63.25,3,100,computed
AT4G22310,AT4G22310.1,0,depleted,108,0.93,1,0,computed
AT4G22570,AT4G22570.2,1,both,105,17.14,2,50,computed
AT4G22610,AT4G22610.1,0,depleted,122,0.0,1,0,computed
AT4G23510,AT4G23510.1,0,depleted,635,1.42,1,0,computed
AT4G23560,AT4G23560.1,0,depleted,479,15.66,2,50,computed
AT4G24350,AT4G24350.3,1,NS,225,0.0,1,0,computed
AT4G24440,AT4G24440.1,1,HS,106,0.0,1,0,computed
AT4G24510,AT4G24510.1,1,HS,421,6.89,1,0,computed
AT4G24570,AT4G24570.1,0,depleted,313,0.0,1,0,computed
AT4G24750,AT4G24750.1,0,depleted,292,0.0,1,0,computed
AT4G24780,AT4G24780.1,1,HS,408,2.7,1,0,computed
AT4G24800,AT4G24800.3,1,HS,702,15.67,2,50,computed
AT4G25140,AT4G25140.1,0,depleted,173,63.58,3,100,computed
AT4G25470,AT4G25470.1,0,depleted,216,23.61,2,50,computed
AT4G25490,AT4G25490.1,0,depleted,213,35.21,3,100,computed
AT4G25550,AT4G25550.1,1,HS,200,0.0,1,0,computed
AT4G25820,AT4G25820.1,0,depleted,287,0.0,1,0,computed
AT4G25840,AT4G25840.1,1,HS,298,3.69,1,0,computed
AT4G26240,AT4G26240.1,0,depleted,198,31.82,3,100,computed
AT4G26555,AT4G26555.1,1,HS,207,0.0,1,0,computed
AT4G26720,AT4G26720.1,1,HS,305,6.23,1,0,computed
AT4G26870,AT4G26870.1,1,HS,532,14.66,2,50,computed
AT4G27070,AT4G27070.1,1,HS,475,12.0,2,50,computed
AT4G27380,AT4G27380.1,0,depleted,156,100.0,3,100,computed
AT4G27652,AT4G27652.1,0,depleted,70,18.57,2,50,computed
AT4G27654,AT4G27654.1,0,depleted,67,83.58,3,100,computed
AT4G27657,AT4G27657.1,0,depleted,62,0.0,1,0,computed
AT4G27690,AT4G27690.1,1,HS,303,0.0,1,0,computed
AT4G28440,AT4G28440.1,1,both,153,5.23,1,0,computed
AT4G28706,AT4G28706.4,1,HS,440,0.0,1,0,computed
AT4G28730,AT4G28730.2,1,NS,142,0.0,1,0,computed
AT4G28860,AT4G28860.1,1,HS,414,29.23,2,50,computed
AT4G28990,AT4G28990.2,1,NS,395,99.75,3,100,computed
AT4G29410,AT4G29410.1,1,HS,143,8.39,1,0,computed
AT4G29490,AT4G29490.1,1,HS,486,7.41,1,0,computed
AT4G29720,AT4G29720.1,1,NS,533,0.0,1,0,computed
AT4G29780,AT4G29780.1,0,depleted,540,30.19,3,100,computed
AT4G29800,AT4G29800.2,0,depleted,526,22.24,2,50,computed
AT4G29830,AT4G29830.1,1,HS,321,0.0,1,0,computed
AT4G30100,AT4G30100.1,1,HS,1311,41.95,3,100,computed
AT4G30140,AT4G30140.1,0,depleted,348,2.87,1,0,computed
AT4G30160,AT4G30160.2,1,HS,983,28.18,2,50,computed
AT4G30170,AT4G30170.1,0,depleted,325,1.23,1,0,computed
AT4G30310,AT4G30310.2,1,HS,579,0.0,1,0,computed
AT4G30530,AT4G30530.1,1,HS,250,0.0,1,0,computed
AT4G31120,AT4G31120.2,1,NS,584,1.71,1,0,computed
AT4G31500,AT4G31500.1,1,HS,499,1.6,1,0,computed
AT4G31530,AT4G31530.2,0,depleted,338,10.65,2,50,computed
AT4G32285,AT4G32285.2,1,HS,635,50.87,3,100,computed
AT4G32320,AT4G32320.1,1,HS,329,0.91,1,0,computed
AT4G32340,AT4G32340.1,0,depleted,238,62.18,3,100,computed
AT4G32470,AT4G32470.1,1,HS,122,0.0,1,0,computed
AT4G32590,AT4G32590.5,1,HS,127,23.62,2,50,computed
AT4G33080,AT4G33080.1,1,both,519,20.42,2,50,computed
AT4G33310,AT4G33310.1,0,depleted,86,80.23,3,100,computed
AT4G33350,AT4G33350.1,1,HS,268,0.37,1,0,computed
AT4G33500,AT4G33500.1,1,HS,724,53.45,3,100,computed
AT4G33540,AT4G33540.1,1,HS,355,0.0,1,0,computed
AT4G33670,AT4G33670.1,1,HS,319,1.88,1,0,computed
AT4G34050,AT4G34050.3,1,HS,286,27.27,2,50,computed
AT4G34200,AT4G34200.1,1,HS,603,0.0,1,0,computed
AT4G34215,AT4G34215.2,1,HS,260,16.54,2,50,computed
AT4G34270,AT4G34270.1,1,HS,290,0.69,1,0,computed
AT4G34410,AT4G34410.1,0,depleted,268,64.93,3,100,computed
AT4G34412,AT4G34412.1,1,HS,172,0.0,1,0,computed
AT4G34570,AT4G34570.1,0,depleted,565,0.88,1,0,computed
AT4G34700,AT4G34700.1,1,HS,117,0.0,1,0,computed
AT4G34860,AT4G34860.1,0,depleted,571,11.73,2,50,computed
AT4G34920,AT4G34920.1,1,HS,318,12.89,2,50,computed
AT4G34980,AT4G34980.1,1,NS,764,0.79,1,0,computed
AT4G35260,AT4G35260.1,1,HS,367,5.18,1,0,computed
AT4G35310,AT4G35310.1,1,HS,556,12.77,2,50,computed
AT4G35410,AT4G35410.2,1,NS,162,0.62,1,0,computed
AT4G36020,AT4G36020.1,1,NS,299,83.28,3,100,computed
AT4G36880,AT4G36880.1,0,depleted,376,1.86,1,0,computed
AT4G36910,AT4G36910.1,1,HS,236,0.0,1,0,computed
AT4G36940,AT4G36940.1,1,NS,559,4.65,1,0,computed
AT4G37000,AT4G37000.1,1,HS,319,0.0,1,0,computed
AT4G37095,AT4G37095.1,0,depleted,40,92.5,3,100,computed
AT4G37120,AT4G37120.1,1,HS,536,58.77,3,100,computed
AT4G37200,AT4G37200.1,1,HS,261,37.55,3,100,computed
AT4G37210,AT4G37210.1,1,both,492,75.61,3,100,computed
AT4G37220,AT4G37220.1,0,depleted,202,5.45,1,0,computed
AT4G37409,AT4G37409.1,0,depleted,131,20.61,2,50,computed
AT4G37445,AT4G37445.1,0,depleted,161,3.73,1,0,computed
AT4G37483,AT4G37483.1,0,depleted,75,0.0,1,0,computed
AT4G37925,AT4G37925.1,1,HS,217,44.7,3,100,computed
AT4G38495,AT4G38495.1,0,depleted,124,0.81,1,0,computed
AT4G38740,AT4G38740.1,1,both,172,0.58,1,0,computed
AT4G38910,AT4G38910.2,0,depleted,283,64.31,3,100,computed
AT4G39690,AT4G39690.1,1,HS,650,48.46,3,100,computed
AT4G39800,AT4G39800.1,1,HS,511,0.0,1,0,computed
AT4G40070,AT4G40070.1,0,depleted,323,38.39,3,100,computed
AT4G40090,AT4G40090.1,0,depleted,139,97.84,3,100,computed
